dr_no,date_reported,date_committed,time_committed,status,area,reporting_district,crime_code,weapon_code
10304468,1/8/2020 0:00,1/8/2020 0:00,2230,AO,3,377,624,400
190101086,1/2/2020 0:00,1/1/2020 0:00,330,IC,1,163,624,500
200110444,4/14/2020 0:00,2/13/2020 0:00,1200,AA,1,155,845,
191501505,1/1/2020 0:00,1/1/2020 0:00,1730,IC,15,1543,745,
191921269,1/1/2020 0:00,1/1/2020 0:00,415,IC,19,1998,740,
200100501,1/2/2020 0:00,1/1/2020 0:00,30,IC,1,163,121,500
200100502,1/2/2020 0:00,1/2/2020 0:00,1315,IC,1,161,442,
200100504,1/4/2020 0:00,1/4/2020 0:00,40,IC,1,155,946,
200100507,1/4/2020 0:00,1/4/2020 0:00,200,IC,1,101,341,
201710201,6/19/2020 0:00,5/26/2020 0:00,1925,AO,17,1708,341,
200100509,1/4/2020 0:00,1/4/2020 0:00,2200,IC,1,192,330,306
200100510,1/5/2020 0:00,1/5/2020 0:00,955,IC,1,111,930,511
200100514,1/5/2020 0:00,1/5/2020 0:00,1355,AA,1,162,341,
200100515,1/7/2020 0:00,1/7/2020 0:00,1638,IC,1,162,648,500
200100520,1/8/2020 0:00,1/8/2020 0:00,1805,IC,1,128,442,
211916029,11/26/2021 0:00,11/30/2020 0:00,730,IC,19,1916,626,400
201116159,11/29/2020 0:00,11/28/2020 0:00,2018,AO,11,1124,626,400
200506268,2/22/2020 0:00,2/22/2020 0:00,1900,IC,5,511,440,400
210916801,11/22/2021 0:00,11/19/2020 0:00,1200,IC,9,932,354,
200100535,1/14/2020 0:00,1/14/2020 0:00,1330,IC,1,152,210,204
200100546,1/15/2020 0:00,1/15/2020 0:00,700,AO,1,166,230,500
211015072,11/29/2021 0:00,11/1/2020 0:00,1200,IC,10,1043,354,
201106067,2/15/2020 0:00,2/15/2020 0:00,1830,IC,11,1101,330,
200100552,1/19/2020 0:00,1/19/2020 0:00,2000,AA,1,111,230,500
200815333,10/15/2020 0:00,10/15/2020 0:00,2000,AO,8,814,624,400
200100556,1/20/2020 0:00,1/20/2020 0:00,400,IC,1,141,121,400
200100559,1/23/2020 0:00,1/23/2020 0:00,600,AO,1,111,310,
210816993,11/24/2021 0:00,4/28/2020 0:00,100,IC,8,859,354,
201111990,7/29/2020 0:00,7/29/2020 0:00,2020,AO,11,1124,626,400
200117988,9/15/2020 0:00,9/3/2020 0:00,2000,IC,1,111,510,
200100568,1/27/2020 0:00,1/27/2020 0:00,1500,IC,1,166,930,500
200100578,1/31/2020 0:00,1/30/2020 0:00,2040,AA,1,163,230,302
200100583,2/4/2020 0:00,2/4/2020 0:00,920,AA,1,146,230,212
200100584,2/4/2020 0:00,2/4/2020 0:00,1645,IC,1,162,442,
221412410,6/15/2022 0:00,11/12/2020 0:00,1700,IC,14,1444,420,
200100587,2/6/2020 0:00,2/6/2020 0:00,1135,IC,1,163,740,
200218458,12/11/2020 0:00,12/11/2020 0:00,420,AO,2,233,761,109
201225288,11/26/2020 0:00,11/26/2020 0:00,115,AA,12,1257,236,304
200104036,1/1/2020 0:00,1/1/2020 0:00,500,IC,1,119,860,400
200104038,1/1/2020 0:00,1/1/2020 0:00,1200,IC,1,157,230,500
200104039,1/1/2020 0:00,1/1/2020 0:00,344,IC,1,162,745,
200104041,1/1/2020 0:00,1/1/2020 0:00,1030,IC,1,192,480,
200104043,1/1/2020 0:00,1/1/2020 0:00,1200,IC,1,112,745,
200321450,12/9/2020 0:00,12/9/2020 0:00,300,AO,3,333,236,400
200104047,1/1/2020 0:00,1/1/2020 0:00,905,IC,1,153,623,400
200104048,1/1/2020 0:00,1/1/2020 0:00,905,IC,1,153,623,400
200104051,1/1/2020 0:00,1/1/2020 0:00,200,IC,1,161,440,
200104054,1/2/2020 0:00,1/1/2020 0:00,2330,IC,1,135,624,400
200812213,7/23/2020 0:00,6/22/2020 0:00,2005,AO,8,898,956,
200104057,1/2/2020 0:00,1/1/2020 0:00,2045,IC,1,176,230,218
200104058,1/2/2020 0:00,1/1/2020 0:00,1940,IC,1,135,624,400
200104060,1/2/2020 0:00,1/1/2020 0:00,1800,IC,1,153,624,400
200104063,1/1/2020 0:00,1/1/2020 0:00,2030,IC,1,162,341,
200104065,1/1/2020 0:00,1/1/2020 0:00,1830,IC,1,118,745,
200104066,1/1/2020 0:00,1/1/2020 0:00,2315,IC,1,182,745,
200104069,1/2/2020 0:00,1/2/2020 0:00,545,IC,1,111,310,500
200104073,1/2/2020 0:00,1/2/2020 0:00,345,IC,1,143,510,
200104075,1/2/2020 0:00,1/1/2020 0:00,2000,IC,1,166,440,
200104076,1/1/2020 0:00,1/1/2020 0:00,300,IC,1,153,341,
200104077,1/2/2020 0:00,1/1/2020 0:00,2030,IC,1,195,330,
200104078,1/2/2020 0:00,1/2/2020 0:00,820,IC,1,162,210,218
200104082,1/2/2020 0:00,1/2/2020 0:00,1225,IC,1,153,624,400
200104090,1/2/2020 0:00,1/2/2020 0:00,1305,IC,1,162,442,
200104092,1/2/2020 0:00,1/1/2020 0:00,1200,IC,1,111,310,
200918185,12/7/2020 0:00,12/7/2020 0:00,1203,AA,9,935,900,
200104098,1/2/2020 0:00,1/2/2020 0:00,1240,AO,1,154,210,102
200104101,1/2/2020 0:00,1/2/2020 0:00,800,IC,1,131,626,400
200104118,1/2/2020 0:00,1/2/2020 0:00,1600,IC,1,159,624,400
200104120,1/2/2020 0:00,1/2/2020 0:00,1450,IC,1,158,310,
200104126,1/2/2020 0:00,1/2/2020 0:00,1215,IC,1,162,442,
200104127,1/2/2020 0:00,1/2/2020 0:00,1130,IC,1,138,888,
200104129,1/2/2020 0:00,1/2/2020 0:00,320,IC,1,124,230,515
210121427,10/26/2021 0:00,10/18/2020 0:00,528,IC,1,121,860,400
200104132,1/2/2020 0:00,1/2/2020 0:00,1915,IC,1,182,330,
200104135,1/2/2020 0:00,1/2/2020 0:00,2000,IC,1,142,440,
200104136,1/2/2020 0:00,1/2/2020 0:00,2000,AA,1,158,230,307
201815332,8/10/2020 0:00,8/10/2020 0:00,125,AO,18,1822,626,400
200104138,1/2/2020 0:00,1/2/2020 0:00,1740,IC,1,111,230,216
200104139,1/2/2020 0:00,1/2/2020 0:00,2210,IC,1,162,888,
200104140,1/2/2020 0:00,1/2/2020 0:00,2145,AA,1,192,626,400
200104141,1/2/2020 0:00,1/2/2020 0:00,2120,IC,1,162,624,400
200104150,1/3/2020 0:00,1/2/2020 0:00,2200,IC,1,158,624,308
200516527,11/12/2020 0:00,11/12/2020 0:00,430,IC,5,508,510,
200609101,4/15/2020 0:00,4/12/2020 0:00,1300,AO,6,648,510,
200104187,1/3/2020 0:00,1/1/2020 0:00,1845,IC,1,162,442,
211422362,12/2/2021 0:00,12/2/2020 0:00,1040,IC,14,1416,354,
200104192,1/3/2020 0:00,1/3/2020 0:00,930,IC,1,124,745,
211304982,1/23/2021 0:00,7/24/2020 0:00,100,AO,13,1381,121,400
200104201,1/3/2020 0:00,1/1/2020 0:00,130,IC,1,132,330,
200104204,1/3/2020 0:00,1/2/2020 0:00,1115,IC,1,154,440,
200104205,1/3/2020 0:00,1/3/2020 0:00,1315,IC,1,128,440,
200104208,1/3/2020 0:00,1/3/2020 0:00,1015,AO,1,192,745,
200104209,1/3/2020 0:00,1/3/2020 0:00,1830,IC,1,152,624,400
200104221,1/3/2020 0:00,1/3/2020 0:00,1200,IC,1,166,761,215
200104222,1/3/2020 0:00,1/3/2020 0:00,1550,AA,1,135,740,
200104223,1/3/2020 0:00,1/3/2020 0:00,1839,IC,1,154,745,
200104224,1/3/2020 0:00,1/3/2020 0:00,1800,IC,1,162,442,
200104227,1/4/2020 0:00,1/3/2020 0:00,1800,IC,1,162,442,
200104228,1/4/2020 0:00,1/3/2020 0:00,1850,IC,1,159,210,102
200104230,1/4/2020 0:00,1/3/2020 0:00,2100,IC,1,162,420,
200104231,1/3/2020 0:00,1/3/2020 0:00,2220,IC,1,148,230,204
200104233,1/3/2020 0:00,1/3/2020 0:00,1645,IC,1,145,341,
200104234,1/4/2020 0:00,1/3/2020 0:00,2100,IC,1,135,440,
200104235,1/4/2020 0:00,1/3/2020 0:00,2200,IC,1,159,330,
200104236,1/3/2020 0:00,1/3/2020 0:00,1630,IC,1,161,330,
200104237,1/4/2020 0:00,1/4/2020 0:00,500,IC,1,192,330,
200104238,1/3/2020 0:00,1/3/2020 0:00,1840,IC,1,182,330,
200409682,6/10/2020 0:00,6/10/2020 0:00,1900,AA,4,412,210,400
200706211,2/17/2020 0:00,2/16/2020 0:00,2350,AO,7,734,624,400
210704711,12/24/2020 0:00,12/24/2020 0:00,1310,IC,7,782,331,
200104244,1/4/2020 0:00,1/4/2020 0:00,40,IC,1,156,624,500
200815521,10/20/2020 0:00,9/18/2020 0:00,1400,IC,8,852,354,
200317571,9/19/2020 0:00,9/19/2020 0:00,1040,IC,3,353,210,102
200306227,2/7/2020 0:00,2/6/2020 0:00,1800,IC,3,397,510,
200514277,9/17/2020 0:00,9/17/2020 0:00,2255,AO,5,558,901,
200104268,1/4/2020 0:00,1/4/2020 0:00,1230,IC,1,111,624,400
200104269,1/4/2020 0:00,1/4/2020 0:00,500,IC,1,156,624,500
200104270,1/4/2020 0:00,1/4/2020 0:00,1630,IC,1,195,330,
200816200,11/8/2020 0:00,11/7/2020 0:00,1000,AO,8,849,886,
201821270,11/28/2020 0:00,11/28/2020 0:00,315,AO,18,1826,901,515
200104275,1/4/2020 0:00,1/4/2020 0:00,1238,IC,1,161,442,
200104276,1/4/2020 0:00,1/2/2020 0:00,2130,IC,1,119,440,
200104277,1/5/2020 0:00,1/4/2020 0:00,2130,IC,1,159,330,
200104279,1/4/2020 0:00,1/4/2020 0:00,1558,IC,1,162,442,
200104281,1/4/2020 0:00,1/4/2020 0:00,1300,IC,1,156,440,
200400694,3/26/2020 0:00,3/26/2020 0:00,1435,IC,4,422,230,102
200104283,1/4/2020 0:00,1/4/2020 0:00,1755,IC,1,162,442,
200104284,1/4/2020 0:00,1/4/2020 0:00,15,IC,1,145,888,
200104285,1/5/2020 0:00,1/5/2020 0:00,200,IC,1,164,624,400
200104286,1/4/2020 0:00,1/4/2020 0:00,1700,IC,1,162,330,
200104287,1/4/2020 0:00,1/4/2020 0:00,2345,IC,1,119,624,400
200104289,1/5/2020 0:00,1/3/2020 0:00,2315,IC,1,164,440,
200104291,1/5/2020 0:00,1/4/2020 0:00,1900,IC,1,163,210,400
200104292,1/5/2020 0:00,1/4/2020 0:00,1230,IC,1,101,440,
200104293,1/5/2020 0:00,1/3/2020 0:00,2200,IC,1,105,420,
200104300,1/5/2020 0:00,1/4/2020 0:00,1915,IC,1,152,740,
200815782,10/27/2020 0:00,10/27/2020 0:00,2010,AA,8,884,626,400
200104302,1/1/2020 0:00,1/1/2020 0:00,1,IC,1,153,440,
200104303,1/5/2020 0:00,1/4/2020 0:00,1630,IC,1,166,510,
200104310,1/5/2020 0:00,1/5/2020 0:00,1010,IC,1,118,624,400
200815680,10/25/2020 0:00,10/24/2020 0:00,1800,IC,8,855,310,
200104313,1/5/2020 0:00,1/4/2020 0:00,1430,IC,1,156,341,
211614109,12/6/2021 0:00,9/20/2020 0:00,1200,IC,16,1685,420,
200104316,1/5/2020 0:00,1/4/2020 0:00,747,IC,1,162,930,511
200104319,1/4/2020 0:00,1/4/2020 0:00,2345,IC,1,127,623,400
200104320,1/5/2020 0:00,1/4/2020 0:00,2145,IC,1,164,330,
200104321,1/6/2020 0:00,1/5/2020 0:00,1840,IC,1,185,330,
200812231,7/23/2020 0:00,5/15/2020 0:00,800,AO,8,886,956,
200104323,1/5/2020 0:00,1/3/2020 0:00,1,IC,1,165,420,
200104325,1/6/2020 0:00,1/6/2020 0:00,30,AA,1,185,626,400
200104326,1/5/2020 0:00,1/5/2020 0:00,1945,AA,1,182,740,
200104327,1/5/2020 0:00,1/5/2020 0:00,2130,AA,1,119,210,400
200104328,1/5/2020 0:00,1/5/2020 0:00,2120,IC,1,153,350,400
200104329,1/5/2020 0:00,1/5/2020 0:00,1717,IC,1,134,421,
200104330,1/6/2020 0:00,1/5/2020 0:00,519,IC,1,119,888,
200104331,1/5/2020 0:00,1/5/2020 0:00,2330,IC,1,157,624,400
200104333,1/6/2020 0:00,1/6/2020 0:00,145,IC,1,119,888,
200405489,2/7/2020 0:00,2/6/2020 0:00,2115,AO,4,464,946,500
200104336,1/6/2020 0:00,1/5/2020 0:00,2030,IC,1,185,647,306
200104337,1/6/2020 0:00,1/6/2020 0:00,240,IC,1,163,440,
200104339,1/5/2020 0:00,1/5/2020 0:00,2045,IC,1,192,745,
200104340,1/6/2020 0:00,1/5/2020 0:00,2030,IC,1,195,310,
200104351,1/1/2020 0:00,1/1/2020 0:00,100,IC,1,162,330,
200104352,1/6/2020 0:00,1/5/2020 0:00,2000,IC,1,153,420,
220314085,7/22/2022 0:00,5/12/2020 0:00,1110,IC,3,303,354,
200104360,1/6/2020 0:00,1/6/2020 0:00,755,AA,1,153,230,500
210804296,1/8/2020 0:00,1/4/2020 0:00,1025,AO,8,808,940,
200104369,1/6/2020 0:00,1/6/2020 0:00,930,IC,1,127,230,207
200104372,1/6/2020 0:00,1/6/2020 0:00,600,IC,1,111,330,
200104377,1/6/2020 0:00,1/5/2020 0:00,2000,IC,1,163,624,400
200104379,1/6/2020 0:00,1/6/2020 0:00,1310,IC,1,119,624,400
200104381,1/6/2020 0:00,1/6/2020 0:00,1305,IC,1,159,510,
200104382,1/6/2020 0:00,1/6/2020 0:00,1230,IC,1,162,442,
200104385,1/6/2020 0:00,1/6/2020 0:00,1450,IC,1,138,330,
200104389,1/2/2020 0:00,1/1/2020 0:00,1230,IC,1,154,330,
200104390,1/3/2020 0:00,1/3/2020 0:00,1458,IC,1,162,354,
200104392,1/6/2020 0:00,1/3/2020 0:00,1830,IC,1,153,480,
200104393,1/6/2020 0:00,1/6/2020 0:00,1330,IC,1,166,624,400
210916323,11/9/2021 0:00,11/9/2020 0:00,800,AO,9,926,810,400
211015836,12/20/2021 0:00,2/13/2020 0:00,1425,IC,10,1029,956,
200716179,11/20/2020 0:00,11/17/2020 0:00,1550,AA,7,724,442,
200104406,1/6/2020 0:00,1/4/2020 0:00,1300,IC,1,131,330,
200104408,1/6/2020 0:00,1/6/2020 0:00,2200,IC,1,152,624,400
200104410,1/6/2020 0:00,1/6/2020 0:00,920,IC,1,195,662,
200104411,1/7/2020 0:00,1/6/2020 0:00,2300,IC,1,182,510,
201106871,3/4/2020 0:00,3/2/2020 0:00,2130,IC,11,1107,745,
200104414,1/6/2020 0:00,1/5/2020 0:00,1900,IC,1,162,330,
200104416,1/6/2020 0:00,1/6/2020 0:00,1930,IC,1,143,930,511
200104417,1/6/2020 0:00,1/6/2020 0:00,2100,IC,1,182,236,400
200104419,1/6/2020 0:00,1/6/2020 0:00,2230,IC,1,161,440,
200104420,1/5/2020 0:00,1/5/2020 0:00,100,IC,1,162,745,
201216796,7/20/2020 0:00,7/19/2020 0:00,2330,AO,12,1243,624,400
200104422,1/6/2020 0:00,1/6/2020 0:00,1800,IC,1,192,330,
200618970,12/8/2020 0:00,11/30/2020 0:00,1100,AO,6,678,922,
200104429,1/7/2020 0:00,1/6/2020 0:00,1900,IC,1,111,888,
200104430,1/2/2020 0:00,1/2/2020 0:00,955,IC,1,162,480,
200104431,1/2/2020 0:00,1/2/2020 0:00,1900,IC,1,134,330,
200104432,1/3/2020 0:00,1/2/2020 0:00,1400,IC,1,134,440,
201822182,12/15/2020 0:00,12/9/2020 0:00,2100,AO,18,1849,812,400
200104435,1/2/2020 0:00,1/2/2020 0:00,1900,IC,1,138,330,
200104440,1/4/2020 0:00,1/4/2020 0:00,121,IC,1,182,330,
200104443,1/4/2020 0:00,1/3/2020 0:00,2030,IC,1,176,330,
200104444,1/5/2020 0:00,1/5/2020 0:00,100,IC,1,185,330,
200104449,1/7/2020 0:00,1/7/2020 0:00,735,IC,1,147,624,500
200104450,1/7/2020 0:00,1/7/2020 0:00,905,IC,1,165,740,500
200104451,1/7/2020 0:00,1/7/2020 0:00,745,IC,1,124,740,
200104452,1/7/2020 0:00,1/7/2020 0:00,920,IC,1,192,624,400
200104455,1/6/2020 0:00,1/6/2020 0:00,400,IC,1,161,330,
200104456,1/6/2020 0:00,1/3/2020 0:00,1300,IC,1,152,341,
200104459,1/3/2020 0:00,1/3/2020 0:00,1940,IC,1,181,330,
200816519,11/16/2020 0:00,11/16/2020 0:00,830,AO,8,803,236,400
200104462,1/7/2020 0:00,1/6/2020 0:00,1758,IC,1,161,480,
200104466,1/7/2020 0:00,1/7/2020 0:00,1020,IC,1,165,860,400
200104470,1/7/2020 0:00,1/6/2020 0:00,1930,IC,1,128,440,
220404852,1/28/2022 0:00,12/27/2020 0:00,1200,IC,4,439,946,511
200104474,1/7/2020 0:00,1/6/2020 0:00,1830,IC,1,162,888,
200104475,1/7/2020 0:00,1/6/2020 0:00,900,IC,1,159,740,
200104476,1/7/2020 0:00,1/6/2020 0:00,2130,IC,1,105,330,
200104477,1/7/2020 0:00,1/6/2020 0:00,1500,IC,1,118,930,511
200104488,1/7/2020 0:00,1/7/2020 0:00,430,IC,1,119,442,
200104489,1/7/2020 0:00,1/7/2020 0:00,800,IC,1,152,624,400
200517465,12/5/2020 0:00,11/30/2020 0:00,400,AA,5,564,745,
200104498,1/7/2020 0:00,1/7/2020 0:00,2140,IC,1,123,220,212
200104499,1/7/2020 0:00,1/6/2020 0:00,1900,IC,1,111,330,
200104500,1/7/2020 0:00,1/7/2020 0:00,2000,IC,1,153,625,500
200104501,1/8/2020 0:00,1/8/2020 0:00,315,AA,1,171,350,400
200104503,1/8/2020 0:00,1/8/2020 0:00,117,IC,1,181,755,511
200104505,1/7/2020 0:00,1/7/2020 0:00,1917,IC,1,162,442,
221004913,1/25/2022 0:00,9/1/2020 0:00,1700,IC,10,1067,354,
200104511,1/8/2020 0:00,1/8/2020 0:00,400,AA,1,154,236,302
200104513,1/8/2020 0:00,1/7/2020 0:00,2000,IC,1,101,510,
200104522,1/8/2020 0:00,1/7/2020 0:00,2020,IC,1,162,330,
200104524,1/8/2020 0:00,1/8/2020 0:00,100,IC,1,182,624,400
200104526,1/8/2020 0:00,1/7/2020 0:00,1500,IC,1,154,624,400
200104527,1/8/2020 0:00,1/6/2020 0:00,1000,IC,1,147,440,
200104534,1/8/2020 0:00,1/8/2020 0:00,950,IC,1,156,624,400
200104545,1/7/2020 0:00,1/2/2020 0:00,510,IC,1,192,341,
200709456,5/20/2020 0:00,5/20/2020 0:00,1250,IC,7,773,330,
200104547,1/8/2020 0:00,1/7/2020 0:00,1753,IC,1,182,341,
200104548,1/7/2020 0:00,1/6/2020 0:00,1730,IC,1,159,440,
200104549,1/8/2020 0:00,1/6/2020 0:00,100,IC,1,147,440,
200104550,1/8/2020 0:00,1/8/2020 0:00,845,IC,1,166,740,
200104551,1/8/2020 0:00,1/8/2020 0:00,1300,IC,1,192,761,215
211613998,11/8/2021 0:00,11/1/2020 0:00,1845,IC,16,1635,354,
200104556,1/8/2020 0:00,1/8/2020 0:00,200,IC,1,147,440,
200104558,1/8/2020 0:00,1/8/2020 0:00,820,IC,1,164,626,500
200104573,1/8/2020 0:00,1/8/2020 0:00,540,IC,1,138,330,
200104576,1/8/2020 0:00,1/8/2020 0:00,1600,IC,1,161,440,
200104577,1/8/2020 0:00,1/8/2020 0:00,1900,IC,1,192,510,
200104578,1/9/2020 0:00,1/7/2020 0:00,2350,IC,1,138,888,
200104579,1/9/2020 0:00,1/7/2020 0:00,1920,IC,1,111,310,
200104580,1/9/2020 0:00,1/8/2020 0:00,1630,IC,1,152,480,
200104582,1/9/2020 0:00,1/6/2020 0:00,800,IC,1,176,341,
200101185,12/28/2020 0:00,12/28/2020 0:00,1810,AA,1,174,230,109
200104584,1/8/2020 0:00,1/7/2020 0:00,1,IC,1,162,662,
201014375,10/24/2020 0:00,10/23/2020 0:00,2330,IC,10,1025,740,
200104588,1/9/2020 0:00,1/9/2020 0:00,1,IC,1,119,440,
200104590,1/8/2020 0:00,1/8/2020 0:00,1750,IC,1,153,442,
200104594,1/8/2020 0:00,1/8/2020 0:00,2145,IC,1,152,624,400
200104598,1/9/2020 0:00,1/7/2020 0:00,2200,IC,1,105,745,
200104603,1/9/2020 0:00,1/9/2020 0:00,700,AA,1,119,480,
200106170,1/31/2020 0:00,1/31/2020 0:00,2145,AA,1,124,946,
200104609,1/9/2020 0:00,1/7/2020 0:00,1555,IC,1,119,220,400
200104613,1/8/2020 0:00,1/6/2020 0:00,800,IC,1,182,330,
200104616,1/7/2020 0:00,1/7/2020 0:00,1930,IC,1,192,330,
200104617,1/9/2020 0:00,1/1/2020 0:00,1415,IC,1,162,330,
200104619,1/8/2020 0:00,1/5/2020 0:00,1300,IC,1,138,341,
200604186,1/5/2020 0:00,1/5/2020 0:00,1900,AA,6,636,649,
200218333,12/7/2020 0:00,12/7/2020 0:00,1700,AO,2,251,626,400
200610130,5/11/2020 0:00,5/11/2020 0:00,1130,AA,6,645,210,400
200320020,11/7/2020 0:00,11/7/2020 0:00,1030,AO,3,376,901,
200104657,1/9/2020 0:00,1/9/2020 0:00,1015,IC,1,111,624,500
200104658,1/9/2020 0:00,1/9/2020 0:00,930,IC,1,152,946,
200104660,1/9/2020 0:00,1/8/2020 0:00,2330,IC,1,162,740,
200104663,1/9/2020 0:00,1/9/2020 0:00,1539,IC,1,162,442,
200104664,1/9/2020 0:00,1/9/2020 0:00,1900,AA,1,156,236,400
200104670,1/10/2020 0:00,1/9/2020 0:00,2100,IC,1,164,330,
200104673,1/9/2020 0:00,1/1/2020 0:00,1000,IC,1,152,341,
200104674,1/9/2020 0:00,1/9/2020 0:00,2130,AA,1,138,236,216
200104682,1/9/2020 0:00,1/9/2020 0:00,1650,IC,1,151,440,
200104683,1/10/2020 0:00,1/6/2020 0:00,1445,IC,1,174,440,
201610902,7/9/2020 0:00,7/9/2020 0:00,1755,AA,16,1675,210,104
200104691,1/9/2020 0:00,1/8/2020 0:00,1900,IC,1,111,350,400
200104696,1/10/2020 0:00,1/10/2020 0:00,855,IC,1,166,624,400
200104697,1/10/2020 0:00,1/9/2020 0:00,1830,IC,1,138,330,500
200104700,1/10/2020 0:00,1/8/2020 0:00,1845,IC,1,185,330,500
200104702,1/10/2020 0:00,1/10/2020 0:00,435,IC,1,192,745,400
200104703,1/1/2020 0:00,1/1/2020 0:00,1400,IC,1,119,330,
200104704,1/9/2020 0:00,1/9/2020 0:00,2100,IC,1,138,330,
200104706,1/8/2020 0:00,1/8/2020 0:00,1440,IC,1,105,624,400
200104708,1/8/2020 0:00,1/8/2020 0:00,1430,IC,1,105,624,400
212017732,10/19/2021 0:00,7/5/2020 0:00,439,IC,20,2014,815,400
200104711,1/10/2020 0:00,1/8/2020 0:00,2200,IC,1,162,815,400
200104713,1/10/2020 0:00,1/10/2020 0:00,1100,IC,1,154,900,
200104715,1/10/2020 0:00,1/10/2020 0:00,1045,IC,1,159,510,
211115965,12/2/2021 0:00,5/13/2020 0:00,930,IC,11,1172,946,
200104717,1/10/2020 0:00,1/9/2020 0:00,1130,IC,1,159,330,
200104718,1/10/2020 0:00,1/10/2020 0:00,1315,IC,1,153,624,400
200104719,1/10/2020 0:00,1/8/2020 0:00,1200,IC,1,182,341,
211204915,1/14/2021 0:00,4/25/2020 0:00,1,AA,12,1258,845,
200104721,1/10/2020 0:00,1/10/2020 0:00,700,IC,1,158,510,
211613989,12/1/2021 0:00,12/14/2020 0:00,1905,IC,16,1682,354,
200104726,1/10/2020 0:00,1/10/2020 0:00,1330,AA,1,162,310,
200104727,1/10/2020 0:00,1/10/2020 0:00,1030,IC,1,134,624,400
200312028,5/29/2020 0:00,5/29/2020 0:00,125,IC,3,312,251,102
200104734,1/11/2020 0:00,1/10/2020 0:00,2100,IC,1,159,510,
200104735,1/11/2020 0:00,1/10/2020 0:00,2100,AA,1,138,220,400
200205570,2/1/2020 0:00,2/1/2020 0:00,1950,IC,2,246,510,
200104736,1/11/2020 0:00,1/11/2020 0:00,10,IC,1,158,626,400
200105331,1/20/2020 0:00,1/19/2020 0:00,600,IC,1,124,761,214
200104737,1/11/2020 0:00,1/11/2020 0:00,40,IC,1,139,230,200
200104738,1/11/2020 0:00,1/11/2020 0:00,40,IC,1,139,230,200
200104739,1/11/2020 0:00,1/10/2020 0:00,2335,IC,1,171,624,400
200104740,1/11/2020 0:00,1/10/2020 0:00,2100,IC,1,192,230,506
200104741,1/11/2020 0:00,1/10/2020 0:00,1000,IC,1,174,330,
200104742,1/11/2020 0:00,1/10/2020 0:00,2258,IC,1,162,740,
200104743,1/11/2020 0:00,1/9/2020 0:00,1400,IC,1,152,341,
200104744,1/11/2020 0:00,1/11/2020 0:00,220,IC,1,111,320,
200104745,1/11/2020 0:00,1/10/2020 0:00,2345,AA,1,192,740,
200104749,1/11/2020 0:00,1/10/2020 0:00,2000,IC,1,148,440,
200104750,1/11/2020 0:00,1/11/2020 0:00,720,IC,1,143,740,
200104752,1/11/2020 0:00,1/11/2020 0:00,1045,IC,1,158,440,
200104754,1/11/2020 0:00,1/11/2020 0:00,1015,IC,1,145,624,400
200104755,1/11/2020 0:00,1/11/2020 0:00,954,IC,1,156,624,500
200104759,1/11/2020 0:00,1/2/2020 0:00,1200,IC,1,138,354,
200104761,1/11/2020 0:00,1/10/2020 0:00,1900,IC,1,154,330,
200104762,1/11/2020 0:00,1/11/2020 0:00,200,IC,1,192,330,
200104763,1/11/2020 0:00,1/11/2020 0:00,400,IC,1,105,510,
200104765,1/11/2020 0:00,1/11/2020 0:00,900,IC,1,195,330,
200104766,1/11/2020 0:00,1/6/2020 0:00,400,IC,1,111,740,
200104768,1/11/2020 0:00,1/10/2020 0:00,1230,IC,1,182,662,
200104769,1/11/2020 0:00,1/11/2020 0:00,1535,IC,1,111,440,
200104770,1/11/2020 0:00,1/11/2020 0:00,1450,IC,1,147,350,
200104772,1/11/2020 0:00,1/11/2020 0:00,5,IC,1,152,624,400
200615995,9/28/2020 0:00,9/27/2020 0:00,35,IC,6,646,740,
200104774,1/11/2020 0:00,1/11/2020 0:00,1110,IC,1,153,624,400
200104775,1/11/2020 0:00,1/11/2020 0:00,1345,IC,1,153,440,
200106431,2/4/2020 0:00,1/28/2020 0:00,1300,IC,1,185,354,
200212656,7/16/2020 0:00,7/16/2020 0:00,852,AO,2,201,901,
200104800,1/11/2020 0:00,1/11/2020 0:00,215,IC,1,119,761,216
200104806,1/12/2020 0:00,1/10/2020 0:00,1010,IC,1,119,888,
200104808,1/12/2020 0:00,1/11/2020 0:00,705,IC,1,119,442,
200104810,1/9/2020 0:00,1/9/2020 0:00,2035,IC,1,162,624,400
200406875,3/13/2020 0:00,3/13/2020 0:00,1330,AA,4,429,236,400
200109519,3/22/2020 0:00,3/22/2020 0:00,1326,IC,1,164,740,500
200104813,1/11/2020 0:00,1/11/2020 0:00,1900,IC,1,101,624,400
200104814,1/11/2020 0:00,1/11/2020 0:00,1750,IC,1,155,624,400
200104815,1/11/2020 0:00,1/11/2020 0:00,2300,IC,1,157,624,400
210716223,12/1/2021 0:00,7/22/2020 0:00,1200,IC,7,775,354,
200104817,1/11/2020 0:00,1/11/2020 0:00,2200,IC,1,181,624,400
200104818,1/12/2020 0:00,1/12/2020 0:00,130,IC,1,111,624,221
200104819,1/11/2020 0:00,1/11/2020 0:00,1930,IC,1,154,330,
200104820,1/12/2020 0:00,1/11/2020 0:00,2310,IC,1,159,330,
200104821,1/11/2020 0:00,1/11/2020 0:00,100,IC,1,182,341,
200104822,1/11/2020 0:00,1/11/2020 0:00,340,IC,1,153,480,
200104823,1/11/2020 0:00,1/9/2020 0:00,1945,IC,1,181,350,
200104826,1/11/2020 0:00,1/11/2020 0:00,1430,IC,1,185,341,
200104827,1/12/2020 0:00,1/12/2020 0:00,5,IC,1,156,626,400
200104829,1/12/2020 0:00,1/12/2020 0:00,500,IC,1,129,740,
210620323,12/12/2021 0:00,5/13/2020 0:00,1200,IC,6,677,354,
200918367,12/12/2020 0:00,12/12/2020 0:00,15,IC,9,914,230,500
200815435,10/17/2020 0:00,10/17/2020 0:00,910,AO,8,852,946,
200104835,1/11/2020 0:00,1/11/2020 0:00,550,IC,1,111,901,
200104836,1/12/2020 0:00,1/11/2020 0:00,2150,IC,1,128,740,
201007153,3/12/2020 0:00,3/12/2020 0:00,640,AA,10,1001,888,
200104842,1/12/2020 0:00,1/8/2020 0:00,900,IC,1,162,330,500
200104843,1/12/2020 0:00,1/11/2020 0:00,1700,IC,1,165,330,500
200104844,1/12/2020 0:00,1/12/2020 0:00,920,IC,1,157,230,207
210415505,11/30/2021 0:00,1/30/2020 0:00,1640,IC,4,409,354,
200104847,1/12/2020 0:00,1/11/2020 0:00,1700,IC,1,162,740,
200104848,1/12/2020 0:00,1/11/2020 0:00,1800,IC,1,153,930,113
200104849,1/12/2020 0:00,1/12/2020 0:00,1145,IC,1,152,442,
200104850,1/12/2020 0:00,1/12/2020 0:00,500,IC,1,152,310,
200104851,1/12/2020 0:00,1/11/2020 0:00,2315,IC,1,164,350,
200104853,1/12/2020 0:00,1/11/2020 0:00,2100,IC,1,152,440,
200104857,1/12/2020 0:00,1/5/2020 0:00,1500,IC,1,192,420,
210817239,11/27/2021 0:00,8/26/2020 0:00,1215,IC,8,828,354,
200104860,1/12/2020 0:00,1/10/2020 0:00,1530,IC,1,162,341,
200104861,1/12/2020 0:00,1/12/2020 0:00,1450,AO,1,162,210,400
200104863,1/12/2020 0:00,1/11/2020 0:00,2200,IC,1,171,330,500
200104865,1/12/2020 0:00,1/12/2020 0:00,530,IC,1,162,330,
200104866,1/13/2020 0:00,1/12/2020 0:00,900,AO,1,138,121,400
200104868,1/12/2020 0:00,1/8/2020 0:00,2000,IC,1,138,624,500
200104869,1/12/2020 0:00,1/12/2020 0:00,1450,IC,1,142,624,500
201821779,12/7/2020 0:00,12/7/2020 0:00,2245,AO,18,1838,236,400
200104872,1/12/2020 0:00,1/12/2020 0:00,1830,IC,1,185,330,
200104873,1/12/2020 0:00,1/12/2020 0:00,1030,IC,1,111,330,
200104874,1/12/2020 0:00,1/11/2020 0:00,2000,IC,1,182,740,
200104875,1/12/2020 0:00,1/12/2020 0:00,1955,IC,1,171,888,
200104879,1/12/2020 0:00,1/12/2020 0:00,2020,IC,1,162,210,200
200104880,1/12/2020 0:00,1/12/2020 0:00,1800,IC,1,162,440,
200508173,4/12/2020 0:00,4/12/2020 0:00,130,AA,5,524,890,
200204368,1/8/2020 0:00,1/8/2020 0:00,1320,IC,2,275,888,
200105009,1/14/2020 0:00,1/14/2020 0:00,1630,IC,1,132,440,
200104881,1/13/2020 0:00,1/12/2020 0:00,2300,IC,1,156,236,400
200104884,1/12/2020 0:00,1/11/2020 0:00,1400,IC,1,181,341,
200104885,1/12/2020 0:00,1/12/2020 0:00,1600,IC,1,152,480,
200104886,1/12/2020 0:00,1/12/2020 0:00,1625,IC,1,134,440,
200104887,1/12/2020 0:00,1/12/2020 0:00,1520,AO,1,111,946,
200104895,1/13/2020 0:00,1/12/2020 0:00,1900,IC,1,105,510,
200104896,1/8/2020 0:00,1/3/2020 0:00,1810,IC,1,124,956,
200104903,1/13/2020 0:00,1/11/2020 0:00,1000,IC,1,182,330,
200104911,1/13/2020 0:00,1/12/2020 0:00,700,IC,1,166,755,511
211224410,11/22/2021 0:00,1/1/2020 0:00,1000,IC,12,1251,354,
200104921,1/13/2020 0:00,1/10/2020 0:00,1200,IC,1,119,740,
200104922,1/13/2020 0:00,1/13/2020 0:00,830,IC,1,119,625,500
200104924,1/13/2020 0:00,1/13/2020 0:00,1400,IC,1,134,330,
220605303,1/30/2022 0:00,1/10/2020 0:00,800,IC,6,669,354,
200104928,1/13/2020 0:00,1/13/2020 0:00,1200,IC,1,192,440,
200104934,1/13/2020 0:00,1/13/2020 0:00,1500,IC,1,162,442,
210716222,12/1/2021 0:00,11/26/2020 0:00,1400,IC,7,721,354,
200610092,5/10/2020 0:00,5/10/2020 0:00,1745,AO,6,646,330,
200104941,1/13/2020 0:00,1/13/2020 0:00,1620,IC,1,182,930,400
201110399,6/13/2020 0:00,6/11/2020 0:00,1700,IC,11,1145,330,
200104945,1/13/2020 0:00,1/13/2020 0:00,1530,IC,1,156,624,400
200104946,1/13/2020 0:00,1/13/2020 0:00,1530,IC,1,156,624,500
200104953,1/13/2020 0:00,1/13/2020 0:00,1900,IC,1,185,230,500
200104954,1/13/2020 0:00,1/13/2020 0:00,2210,IC,1,134,624,400
200104955,1/12/2020 0:00,1/12/2020 0:00,230,IC,1,174,624,400
210917205,12/3/2021 0:00,10/15/2020 0:00,1135,IC,9,946,354,
200104959,1/13/2020 0:00,1/12/2020 0:00,100,IC,1,163,440,
201714567,10/22/2020 0:00,10/22/2020 0:00,600,AO,17,1794,745,
200104960,1/13/2020 0:00,1/13/2020 0:00,2330,AA,1,161,626,400
200104962,1/14/2020 0:00,1/13/2020 0:00,1430,IC,1,156,420,
200104963,1/13/2020 0:00,1/13/2020 0:00,1630,IC,1,162,440,
200104964,1/13/2020 0:00,1/13/2020 0:00,1830,IC,1,129,330,500
200104971,1/14/2020 0:00,1/13/2020 0:00,1900,IC,1,101,510,
200104972,1/14/2020 0:00,1/14/2020 0:00,953,IC,1,159,946,
200104974,1/14/2020 0:00,1/14/2020 0:00,530,IC,1,129,330,500
200104975,1/14/2020 0:00,1/12/2020 0:00,1100,IC,1,162,740,
200104977,1/14/2020 0:00,1/14/2020 0:00,820,IC,1,135,625,500
211715705,11/16/2021 0:00,2/19/2020 0:00,1200,IC,17,1747,354,
200104982,1/13/2020 0:00,1/13/2020 0:00,1400,IC,1,195,860,400
201822046,12/13/2020 0:00,12/12/2020 0:00,2300,AA,18,1846,626,400
200104990,1/14/2020 0:00,1/14/2020 0:00,1630,AA,1,132,624,400
200104991,1/14/2020 0:00,1/14/2020 0:00,1730,IC,1,161,442,
200104992,1/14/2020 0:00,1/12/2020 0:00,100,IC,1,164,210,207
200104993,1/14/2020 0:00,1/14/2020 0:00,1630,AA,1,132,624,400
200104994,1/15/2020 0:00,1/15/2020 0:00,100,AA,1,162,210,400
210619887,11/29/2021 0:00,9/27/2020 0:00,1,IC,6,678,354,
200104997,1/10/2020 0:00,1/6/2020 0:00,1300,IC,1,156,624,500
202018863,12/27/2020 0:00,12/27/2020 0:00,2114,AO,20,2038,230,102
210619979,12/5/2021 0:00,3/14/2020 0:00,1615,IC,6,639,420,
200105001,1/14/2020 0:00,1/14/2020 0:00,1950,IC,1,164,761,201
200105005,1/15/2020 0:00,1/15/2020 0:00,1,IC,1,152,626,500
200105006,1/14/2020 0:00,1/14/2020 0:00,1130,IC,1,191,740,
200814436,9/23/2020 0:00,9/23/2020 0:00,1100,IC,8,885,510,
200105008,1/14/2020 0:00,1/14/2020 0:00,1640,IC,1,132,440,
200312841,6/18/2020 0:00,6/17/2020 0:00,1930,IC,3,363,510,
200105010,1/14/2020 0:00,1/12/2020 0:00,800,IC,1,157,440,
200118692,9/30/2020 0:00,9/30/2020 0:00,410,JA,1,185,210,109
200406105,2/24/2020 0:00,2/11/2020 0:00,230,AO,4,479,230,400
200105014,1/14/2020 0:00,1/9/2020 0:00,1430,AO,1,163,740,
200105015,1/14/2020 0:00,1/8/2020 0:00,1200,IC,1,156,354,
200105019,1/15/2020 0:00,1/14/2020 0:00,1150,IC,1,182,330,
200105023,1/12/2020 0:00,1/11/2020 0:00,1000,IC,1,129,330,
200105026,1/6/2020 0:00,1/5/2020 0:00,1910,IC,1,132,341,
200105027,1/14/2020 0:00,1/13/2020 0:00,1445,IC,1,162,341,
200105028,1/14/2020 0:00,1/13/2020 0:00,45,IC,1,171,341,
200105029,1/14/2020 0:00,1/12/2020 0:00,1310,IC,1,111,341,
200105030,1/8/2020 0:00,1/7/2020 0:00,1800,IC,1,182,330,
200105033,1/15/2020 0:00,1/14/2020 0:00,2015,IC,1,182,330,
200105035,1/15/2020 0:00,1/2/2020 0:00,1915,IC,1,139,440,
200105036,1/15/2020 0:00,1/9/2020 0:00,1030,IC,1,112,860,400
200105041,1/14/2020 0:00,1/10/2020 0:00,2000,IC,1,182,350,400
200105042,1/15/2020 0:00,1/15/2020 0:00,1120,IC,1,158,850,
200105047,1/15/2020 0:00,1/15/2020 0:00,1200,IC,1,158,624,400
200105051,1/16/2020 0:00,1/16/2020 0:00,230,IC,1,162,210,400
201115511,11/7/2020 0:00,11/7/2020 0:00,1715,AA,11,1184,740,
200105054,1/15/2020 0:00,1/10/2020 0:00,1700,IC,1,192,420,
200105055,1/15/2020 0:00,1/15/2020 0:00,1845,IC,1,154,220,102
200105056,1/15/2020 0:00,1/2/2020 0:00,720,IC,1,195,330,
200105057,1/16/2020 0:00,1/15/2020 0:00,2350,IC,1,182,761,200
221205529,1/28/2022 0:00,1/1/2020 0:00,5,IC,12,1259,121,400
200117954,9/14/2020 0:00,9/14/2020 0:00,1245,IC,1,163,442,
200105062,1/16/2020 0:00,1/14/2020 0:00,1434,IC,1,152,930,511
200105066,1/16/2020 0:00,1/15/2020 0:00,1825,IC,1,119,624,400
200105067,1/15/2020 0:00,1/15/2020 0:00,1358,IC,1,161,442,
200105068,1/16/2020 0:00,1/16/2020 0:00,630,IC,1,146,210,400
200105069,1/15/2020 0:00,1/14/2020 0:00,2200,IC,1,192,330,
211915756,11/17/2021 0:00,7/17/2020 0:00,1645,AO,19,1966,860,400
200911119,6/16/2020 0:00,6/15/2020 0:00,2300,IC,9,906,330,
200105073,1/15/2020 0:00,1/15/2020 0:00,1230,IC,1,159,330,
200105074,1/11/2020 0:00,1/10/2020 0:00,2200,IC,1,165,330,
200105075,1/16/2020 0:00,1/16/2020 0:00,315,IC,1,147,761,207
200105082,1/16/2020 0:00,1/4/2020 0:00,1500,IC,1,159,510,
200105087,1/15/2020 0:00,1/15/2020 0:00,1100,IC,1,162,442,
200105088,1/15/2020 0:00,1/15/2020 0:00,1520,IC,1,185,860,400
200105090,1/11/2020 0:00,1/10/2020 0:00,1830,IC,1,164,330,
200105092,1/16/2020 0:00,1/16/2020 0:00,1445,IC,1,152,220,504
200105094,1/16/2020 0:00,1/16/2020 0:00,900,IC,1,161,341,
200105095,1/16/2020 0:00,1/16/2020 0:00,800,IC,1,111,510,
200217828,11/24/2020 0:00,11/24/2020 0:00,1615,AA,2,269,761,200
200105097,1/16/2020 0:00,1/16/2020 0:00,1515,IC,1,152,860,400
200105099,1/16/2020 0:00,1/16/2020 0:00,1115,IC,1,166,888,
200105100,1/16/2020 0:00,1/16/2020 0:00,1,IC,1,158,420,400
200105101,1/16/2020 0:00,1/16/2020 0:00,1310,IC,1,124,442,
200317330,9/14/2020 0:00,9/12/2020 0:00,2000,IC,3,327,480,
200105103,1/16/2020 0:00,1/13/2020 0:00,650,IC,1,111,440,
200500577,3/10/2020 0:00,3/10/2020 0:00,1900,IC,5,503,888,
200112245,5/28/2020 0:00,5/27/2020 0:00,100,IC,1,141,440,
201411997,5/14/2020 0:00,4/10/2020 0:00,1310,AO,14,1433,956,
200105108,1/16/2020 0:00,1/16/2020 0:00,400,IC,1,135,330,
200105152,1/17/2020 0:00,1/17/2020 0:00,910,IC,1,119,625,500
201200943,10/11/2020 0:00,10/11/2020 0:00,1,AO,12,1242,820,400
212017734,12/2/2021 0:00,6/15/2020 0:00,800,IC,20,2036,668,
200105111,1/16/2020 0:00,1/16/2020 0:00,855,IC,1,128,624,400
200105113,1/16/2020 0:00,1/16/2020 0:00,1220,IC,1,138,624,400
200105115,1/16/2020 0:00,1/12/2020 0:00,1000,IC,1,174,480,
200513373,8/25/2020 0:00,8/11/2020 0:00,246,IC,5,564,310,
200105117,1/16/2020 0:00,1/14/2020 0:00,1720,IC,1,156,440,
200105118,1/16/2020 0:00,1/15/2020 0:00,1630,IC,1,148,440,
200105120,1/16/2020 0:00,1/14/2020 0:00,1325,IC,1,162,442,
200105121,1/16/2020 0:00,1/15/2020 0:00,2100,IC,1,119,440,
221806331,2/15/2022 0:00,4/10/2020 0:00,815,IC,18,1802,440,
200105126,1/16/2020 0:00,1/16/2020 0:00,1900,IC,1,176,230,400
201817164,9/13/2020 0:00,9/13/2020 0:00,2025,AO,18,1822,626,400
201822146,12/15/2020 0:00,12/14/2020 0:00,1000,AO,18,1827,626,500
200105131,1/16/2020 0:00,1/16/2020 0:00,1640,JA,1,162,442,
200105132,1/17/2020 0:00,1/17/2020 0:00,200,IC,1,153,626,400
200105133,1/16/2020 0:00,1/16/2020 0:00,1930,IC,1,182,330,
200105134,1/16/2020 0:00,1/15/2020 0:00,1500,IC,1,145,330,
200105135,1/16/2020 0:00,1/16/2020 0:00,1930,IC,1,119,745,
200105139,1/16/2020 0:00,1/16/2020 0:00,1900,IC,1,111,902,
200105140,1/16/2020 0:00,1/16/2020 0:00,2215,IC,1,119,946,
200105142,1/16/2020 0:00,1/16/2020 0:00,1930,IC,1,111,745,506
200105144,1/17/2020 0:00,1/16/2020 0:00,1900,IC,1,138,480,
200618244,11/20/2020 0:00,11/19/2020 0:00,2030,IC,6,643,510,
200105148,1/17/2020 0:00,1/15/2020 0:00,1530,IC,1,111,440,
200118182,9/18/2020 0:00,9/18/2020 0:00,1800,IC,1,139,330,500
211507896,4/11/2021 0:00,11/7/2020 0:00,845,IC,15,1502,354,
200105151,1/17/2020 0:00,1/10/2020 0:00,1600,AO,1,154,664,
200105154,1/17/2020 0:00,1/17/2020 0:00,1145,AA,1,154,626,400
200805831,2/10/2020 0:00,1/30/2020 0:00,5,IC,8,831,354,
200105157,1/13/2020 0:00,1/10/2020 0:00,1515,IC,1,176,330,
200105158,1/16/2020 0:00,1/16/2020 0:00,1815,IC,1,152,440,
200105159,1/16/2020 0:00,1/16/2020 0:00,1614,IC,1,152,440,
200105164,1/17/2020 0:00,1/17/2020 0:00,1345,IC,1,145,740,
200105166,1/17/2020 0:00,1/17/2020 0:00,835,IC,1,154,624,400
200105176,1/17/2020 0:00,1/17/2020 0:00,1540,IC,1,162,442,
200105184,1/17/2020 0:00,1/17/2020 0:00,1430,IC,1,182,624,400
200105186,1/17/2020 0:00,1/17/2020 0:00,1400,IC,1,153,624,400
200105187,1/17/2020 0:00,1/17/2020 0:00,1200,IC,1,153,442,
200105188,1/17/2020 0:00,1/14/2020 0:00,300,IC,1,134,624,500
200616504,10/10/2020 0:00,10/9/2020 0:00,2345,IC,6,647,210,109
200105191,1/18/2020 0:00,1/17/2020 0:00,205,AA,1,152,230,207
200105192,1/18/2020 0:00,1/17/2020 0:00,205,AA,1,152,230,207
200105193,1/18/2020 0:00,1/17/2020 0:00,205,AA,1,152,740,
200105194,1/18/2020 0:00,1/17/2020 0:00,2200,IC,1,171,210,102
201821930,12/10/2020 0:00,12/10/2020 0:00,1,AO,18,1802,121,400
200317549,9/19/2020 0:00,9/19/2020 0:00,630,IC,3,398,510,
200105200,1/18/2020 0:00,1/17/2020 0:00,2300,IC,1,185,510,
200105201,1/17/2020 0:00,1/17/2020 0:00,600,IC,1,166,624,400
200105202,1/17/2020 0:00,1/17/2020 0:00,2015,IC,1,156,920,400
200717189,12/16/2020 0:00,12/13/2020 0:00,1500,IC,7,765,330,
200105204,1/17/2020 0:00,1/15/2020 0:00,2222,IC,1,162,740,
200105205,1/18/2020 0:00,1/17/2020 0:00,1900,IC,1,162,330,
200817626,12/17/2020 0:00,12/16/2020 0:00,1600,IC,8,855,510,
200204372,1/9/2020 0:00,1/8/2020 0:00,2230,IC,2,221,510,
200105206,1/17/2020 0:00,1/16/2020 0:00,1930,IC,1,135,740,
200105207,1/17/2020 0:00,1/17/2020 0:00,900,IC,1,111,740,
200105208,1/17/2020 0:00,1/17/2020 0:00,1,IC,1,124,745,
200506170,2/20/2020 0:00,2/20/2020 0:00,2000,AO,5,563,930,511
200105211,1/18/2020 0:00,1/18/2020 0:00,250,IC,1,182,440,
200105212,1/17/2020 0:00,1/14/2020 0:00,2000,IC,1,138,330,
200105214,1/18/2020 0:00,1/18/2020 0:00,100,IC,1,182,626,400
200105215,1/18/2020 0:00,1/18/2020 0:00,130,IC,1,152,350,
200101159,12/12/2020 0:00,12/12/2020 0:00,10,AO,1,162,626,400
200105218,1/18/2020 0:00,1/17/2020 0:00,1230,IC,1,195,330,
200105219,1/18/2020 0:00,1/18/2020 0:00,255,IC,1,158,230,102
200105221,1/18/2020 0:00,1/18/2020 0:00,130,IC,1,185,440,
200105224,1/18/2020 0:00,1/17/2020 0:00,1900,IC,1,162,510,
200105225,1/18/2020 0:00,1/14/2020 0:00,1700,IC,1,182,330,
200105226,1/18/2020 0:00,1/16/2020 0:00,2100,IC,1,152,220,400
200105227,1/18/2020 0:00,1/17/2020 0:00,2115,IC,1,185,745,
200105228,1/18/2020 0:00,1/17/2020 0:00,2200,IC,1,185,330,
200105232,1/18/2020 0:00,1/18/2020 0:00,840,IC,1,151,860,400
210409743,6/14/2021 0:00,3/14/2020 0:00,1036,AO,4,443,956,
200105235,1/18/2020 0:00,1/18/2020 0:00,725,AA,1,111,236,400
200105237,1/18/2020 0:00,1/17/2020 0:00,930,IC,1,122,930,511
200105238,1/18/2020 0:00,1/17/2020 0:00,1820,IC,1,141,761,207
200105240,1/18/2020 0:00,1/16/2020 0:00,1900,IC,1,139,330,
200105241,1/18/2020 0:00,1/18/2020 0:00,200,IC,1,162,330,
201106089,2/16/2020 0:00,2/16/2020 0:00,915,AA,11,1107,624,400
200105244,1/18/2020 0:00,1/16/2020 0:00,1700,IC,1,111,510,
222013040,8/6/2022 0:00,6/4/2020 0:00,1620,IC,20,2054,354,
200215063,9/16/2020 0:00,9/15/2020 0:00,1800,IC,2,204,510,
211715638,12/1/2021 0:00,12/9/2020 0:00,1200,IC,17,1718,354,
200105247,1/17/2020 0:00,1/17/2020 0:00,835,IC,1,124,930,511
200105249,1/18/2020 0:00,1/18/2020 0:00,100,IC,1,124,420,
221804943,1/21/2022 0:00,7/1/2020 0:00,1335,IC,18,1822,354,
200105255,1/18/2020 0:00,1/18/2020 0:00,1530,IC,1,163,343,
200105259,1/18/2020 0:00,1/18/2020 0:00,2350,AA,1,118,236,400
200118281,9/20/2020 0:00,9/20/2020 0:00,2130,IC,1,164,624,400
200812577,7/29/2020 0:00,7/29/2020 0:00,2010,AO,8,803,624,400
200105262,1/19/2020 0:00,1/19/2020 0:00,1,IC,1,152,230,400
200105263,1/19/2020 0:00,1/18/2020 0:00,1900,IC,1,163,310,
200105264,1/19/2020 0:00,1/19/2020 0:00,100,IC,1,143,230,400
200105265,1/19/2020 0:00,1/18/2020 0:00,2330,IC,1,135,230,302
200105266,1/19/2020 0:00,1/18/2020 0:00,2330,IC,1,135,230,302
200105267,1/18/2020 0:00,1/18/2020 0:00,800,IC,1,132,624,400
200105268,1/19/2020 0:00,1/18/2020 0:00,1930,IC,1,138,420,
200105269,1/19/2020 0:00,1/18/2020 0:00,1500,IC,1,111,480,
200105270,1/19/2020 0:00,1/18/2020 0:00,1500,IC,1,111,480,
200105271,1/19/2020 0:00,1/18/2020 0:00,2354,IC,1,171,442,
200105273,1/19/2020 0:00,1/16/2020 0:00,1330,IC,1,119,624,400
200105275,1/19/2020 0:00,1/17/2020 0:00,1145,AA,1,154,626,400
200105276,1/19/2020 0:00,1/18/2020 0:00,1300,AA,1,154,740,
200105277,1/19/2020 0:00,1/18/2020 0:00,1440,IC,1,158,420,
200105278,1/19/2020 0:00,1/9/2020 0:00,100,IC,1,185,330,
200105280,1/19/2020 0:00,1/18/2020 0:00,2015,IC,1,152,745,
200105281,1/18/2020 0:00,1/18/2020 0:00,300,IC,1,164,350,
200105282,1/19/2020 0:00,1/19/2020 0:00,735,IC,1,166,624,500
200109827,3/29/2020 0:00,3/27/2020 0:00,1105,IC,1,174,330,
200105283,1/19/2020 0:00,1/18/2020 0:00,1945,IC,1,122,624,400
200105284,1/19/2020 0:00,1/18/2020 0:00,1800,IC,1,152,210,500
201212206,5/5/2020 0:00,4/30/2020 0:00,1500,AA,12,1211,236,201
200105287,1/19/2020 0:00,1/19/2020 0:00,1120,IC,1,182,330,
200105288,1/19/2020 0:00,1/19/2020 0:00,1250,IC,1,156,230,500
200105289,1/19/2020 0:00,1/16/2020 0:00,1700,IC,1,119,510,
200105290,1/19/2020 0:00,1/19/2020 0:00,1100,IC,1,185,888,
200105291,1/19/2020 0:00,1/18/2020 0:00,1800,IC,1,185,740,
200105293,1/19/2020 0:00,1/19/2020 0:00,1150,IC,1,118,341,
200105294,1/19/2020 0:00,1/19/2020 0:00,1200,IC,1,105,440,
200105296,1/19/2020 0:00,1/19/2020 0:00,1140,IC,1,119,341,
200105297,1/19/2020 0:00,1/19/2020 0:00,1015,IC,1,153,624,400
200105302,1/19/2020 0:00,1/18/2020 0:00,1830,IC,1,192,745,
200105303,1/19/2020 0:00,1/18/2020 0:00,2000,IC,1,162,442,
200105307,1/19/2020 0:00,1/19/2020 0:00,1800,IC,1,155,755,501
200510994,6/25/2020 0:00,6/25/2020 0:00,230,IC,5,563,510,
200105309,1/19/2020 0:00,1/19/2020 0:00,2050,AA,1,166,230,215
200105311,1/19/2020 0:00,1/19/2020 0:00,2050,AA,1,166,230,215
200105312,1/19/2020 0:00,1/19/2020 0:00,1440,IC,1,139,437,400
200105313,1/20/2020 0:00,1/20/2020 0:00,245,IC,1,174,330,500
200105314,1/20/2020 0:00,1/19/2020 0:00,2100,IC,1,143,480,
200516317,11/7/2020 0:00,11/7/2020 0:00,800,AO,5,587,886,
200317339,9/14/2020 0:00,9/14/2020 0:00,1500,IC,3,393,341,
200105317,1/20/2020 0:00,1/18/2020 0:00,1940,IC,1,142,745,
200105318,1/20/2020 0:00,1/20/2020 0:00,1,AO,1,121,626,400
200105319,1/20/2020 0:00,1/20/2020 0:00,840,IC,1,148,230,312
200105321,1/20/2020 0:00,1/19/2020 0:00,2100,IC,1,182,420,
200105328,1/20/2020 0:00,1/19/2020 0:00,2300,IC,1,132,626,400
200105333,1/20/2020 0:00,1/20/2020 0:00,1130,AA,1,128,740,
200105334,1/20/2020 0:00,1/20/2020 0:00,950,IC,1,111,210,312
200105335,1/20/2020 0:00,1/20/2020 0:00,1017,IC,1,162,440,
220705246,2/3/2022 0:00,2/11/2020 0:00,1200,IC,7,747,341,
200914159,8/30/2020 0:00,8/30/2020 0:00,1420,AO,9,906,626,400
211015708,12/16/2021 0:00,9/1/2020 0:00,1200,IC,10,1001,420,
200105344,1/20/2020 0:00,1/20/2020 0:00,1600,IC,1,142,624,400
200714035,9/20/2020 0:00,9/1/2020 0:00,1,IC,7,715,331,
200105347,1/20/2020 0:00,1/20/2020 0:00,2205,IC,1,164,753,106
211313647,8/2/2021 0:00,10/22/2020 0:00,800,AO,13,1391,928,511
201319204,10/28/2020 0:00,3/3/2020 0:00,1200,AO,13,1347,812,400
200105350,1/20/2020 0:00,1/20/2020 0:00,630,IC,1,159,624,400
200105351,1/20/2020 0:00,1/18/2020 0:00,1715,IC,1,156,624,400
200911839,7/2/2020 0:00,6/26/2020 0:00,1200,IC,9,974,331,
200105353,1/20/2020 0:00,1/17/2020 0:00,1000,IC,1,101,624,400
200105354,1/20/2020 0:00,1/18/2020 0:00,300,IC,1,148,440,
201104052,1/1/2020 0:00,1/1/2020 0:00,2030,AA,11,1105,740,
200105357,1/21/2020 0:00,1/20/2020 0:00,1700,IC,1,119,624,400
200105359,1/21/2020 0:00,1/20/2020 0:00,1610,AA,1,161,860,400
200105362,1/21/2020 0:00,1/20/2020 0:00,2120,IC,1,162,220,400
200105363,1/20/2020 0:00,1/19/2020 0:00,2200,IC,1,182,330,500
200105367,1/20/2020 0:00,1/15/2020 0:00,1230,IC,1,162,341,
200105369,1/21/2020 0:00,1/20/2020 0:00,1510,IC,1,153,946,
200105370,1/20/2020 0:00,1/20/2020 0:00,1700,IC,1,111,310,
200105371,1/21/2020 0:00,1/19/2020 0:00,1835,IC,1,162,442,
200105428,1/21/2020 0:00,1/21/2020 0:00,1500,IC,1,152,440,
200105564,1/18/2020 0:00,1/17/2020 0:00,2300,IC,1,195,330,
211004055,1/1/2021 0:00,12/30/2020 0:00,1700,AA,10,1033,420,
200105373,1/21/2020 0:00,1/19/2020 0:00,430,IC,1,176,341,
200105375,1/21/2020 0:00,1/21/2020 0:00,300,IC,1,166,210,201
200105384,1/13/2020 0:00,1/2/2020 0:00,1040,IC,1,119,341,
200105386,1/20/2020 0:00,1/16/2020 0:00,1835,IC,1,119,440,
200105388,1/19/2020 0:00,1/18/2020 0:00,1915,IC,1,159,330,
200105393,1/21/2020 0:00,1/20/2020 0:00,1900,IC,1,174,330,
201007680,3/18/2020 0:00,3/2/2020 0:00,2030,AO,10,1039,624,400
221404806,1/19/2022 0:00,1/18/2020 0:00,1600,IC,14,1446,420,
200105399,1/21/2020 0:00,1/21/2020 0:00,1150,AA,1,133,860,400
200105400,1/21/2020 0:00,1/21/2020 0:00,1145,IC,1,133,860,400
200105401,1/21/2020 0:00,1/17/2020 0:00,1350,AA,1,131,860,400
200105402,1/21/2020 0:00,1/21/2020 0:00,1220,AA,1,152,860,400
200105403,1/21/2020 0:00,1/20/2020 0:00,2300,IC,1,152,350,
200105404,1/21/2020 0:00,1/21/2020 0:00,655,IC,1,153,761,200
200105406,1/21/2020 0:00,1/21/2020 0:00,950,IC,1,111,753,102
200105407,1/21/2020 0:00,1/21/2020 0:00,1300,IC,1,119,480,
200105409,1/21/2020 0:00,1/21/2020 0:00,1410,AA,1,138,210,306
200105413,1/21/2020 0:00,1/18/2020 0:00,1100,IC,1,156,624,400
200105414,1/21/2020 0:00,1/17/2020 0:00,1600,IC,1,111,510,
200105419,1/21/2020 0:00,1/21/2020 0:00,1230,IC,1,191,910,400
200105420,1/21/2020 0:00,1/21/2020 0:00,1420,IC,1,128,420,
200105422,1/21/2020 0:00,1/21/2020 0:00,2200,IC,1,153,210,400
200105424,1/22/2020 0:00,1/22/2020 0:00,100,IC,1,195,330,
200105425,1/22/2020 0:00,1/22/2020 0:00,5,IC,1,119,440,
200105426,1/21/2020 0:00,1/21/2020 0:00,1555,IC,1,152,624,500
200105427,1/21/2020 0:00,1/21/2020 0:00,2130,IC,1,162,624,400
200408506,5/4/2020 0:00,5/4/2020 0:00,300,IC,4,479,510,
200105429,1/21/2020 0:00,1/21/2020 0:00,1500,IC,1,143,440,
200105430,1/21/2020 0:00,1/11/2020 0:00,1,IC,1,153,440,
200105431,1/21/2020 0:00,1/11/2020 0:00,1527,IC,1,161,343,
200105432,1/21/2020 0:00,1/21/2020 0:00,900,IC,1,159,420,
200105433,1/22/2020 0:00,1/21/2020 0:00,2343,IC,1,153,626,400
201007391,3/19/2020 0:00,3/18/2020 0:00,1800,IC,10,1063,310,
200105449,1/20/2020 0:00,1/20/2020 0:00,1925,IC,1,157,900,
200105450,1/22/2020 0:00,1/21/2020 0:00,2300,IC,1,131,330,
200105454,1/22/2020 0:00,1/20/2020 0:00,100,IC,1,144,740,
201712553,8/25/2020 0:00,7/24/2020 0:00,1220,AO,17,1737,956,
200310104,4/18/2020 0:00,2/1/2020 0:00,2000,AO,3,398,760,
200814461,9/24/2020 0:00,9/24/2020 0:00,1710,IC,8,898,510,
200906435,2/24/2020 0:00,2/23/2020 0:00,1800,IC,9,914,956,
211225384,12/19/2021 0:00,12/19/2020 0:00,1630,IC,12,1241,220,400
200105475,1/22/2020 0:00,1/22/2020 0:00,830,IC,1,162,624,400
200105476,1/22/2020 0:00,1/21/2020 0:00,2009,IC,1,147,624,400
200105477,1/22/2020 0:00,1/18/2020 0:00,1108,IC,1,152,624,400
200105480,1/22/2020 0:00,1/22/2020 0:00,1430,IC,1,195,330,
200105481,1/22/2020 0:00,1/22/2020 0:00,1755,AO,1,163,623,400
200105482,1/21/2020 0:00,1/20/2020 0:00,2100,IC,1,182,330,
200105483,1/22/2020 0:00,1/21/2020 0:00,1000,IC,1,118,420,
200105485,1/21/2020 0:00,1/20/2020 0:00,2000,IC,1,182,420,
200105486,1/22/2020 0:00,1/22/2020 0:00,1200,IC,1,142,341,
200105489,1/22/2020 0:00,1/22/2020 0:00,2010,IC,1,156,930,511
200105490,1/22/2020 0:00,1/22/2020 0:00,1810,IC,1,138,210,400
200105493,1/23/2020 0:00,1/23/2020 0:00,15,IC,1,195,740,
200105496,1/22/2020 0:00,1/22/2020 0:00,1950,IC,1,152,210,400
200204446,1/9/2020 0:00,1/8/2020 0:00,2300,IC,2,236,420,
200106255,2/2/2020 0:00,2/2/2020 0:00,45,IC,1,128,648,506
200105499,1/23/2020 0:00,1/23/2020 0:00,5,IC,1,154,230,512
200105507,1/22/2020 0:00,1/22/2020 0:00,1015,AA,1,152,762,
201114637,10/14/2020 0:00,10/13/2020 0:00,2200,IC,11,1184,510,
200105513,1/22/2020 0:00,1/22/2020 0:00,1902,IC,1,162,442,
200204971,1/21/2020 0:00,1/19/2020 0:00,2030,AO,2,233,510,
200105519,1/23/2020 0:00,1/22/2020 0:00,1700,IC,1,157,420,
200105521,1/23/2020 0:00,1/23/2020 0:00,145,IC,1,119,888,
200105522,1/22/2020 0:00,1/22/2020 0:00,1530,IC,1,162,330,
200911049,6/15/2020 0:00,6/9/2020 0:00,1025,IC,9,963,440,
210206385,3/1/2021 0:00,9/1/2020 0:00,400,AO,2,248,812,400
200105525,1/22/2020 0:00,1/21/2020 0:00,2026,IC,1,161,442,
200105528,1/22/2020 0:00,1/21/2020 0:00,1400,IC,1,123,480,
200105529,1/22/2020 0:00,1/17/2020 0:00,2330,IC,1,159,330,
200105531,1/23/2020 0:00,1/23/2020 0:00,715,IC,1,195,624,400
200517895,12/16/2020 0:00,12/16/2020 0:00,2125,AO,5,526,930,511
200105535,1/23/2020 0:00,1/17/2020 0:00,1100,IC,1,162,440,
200105538,1/23/2020 0:00,1/22/2020 0:00,1255,IC,1,111,440,
200105540,1/23/2020 0:00,1/23/2020 0:00,750,IC,1,132,860,400
200506494,2/27/2020 0:00,2/25/2020 0:00,1530,AA,5,551,236,306
200105547,1/23/2020 0:00,1/23/2020 0:00,1140,IC,1,162,946,
200105548,1/23/2020 0:00,1/20/2020 0:00,2120,IC,1,138,330,
200105549,1/23/2020 0:00,1/10/2020 0:00,1100,IC,1,131,310,
200105550,1/23/2020 0:00,1/23/2020 0:00,1145,IC,1,158,624,400
201215546,6/28/2020 0:00,6/28/2020 0:00,1400,IC,12,1248,440,
200105553,1/23/2020 0:00,1/23/2020 0:00,800,IC,1,119,740,
200105554,1/23/2020 0:00,1/23/2020 0:00,100,IC,1,105,310,
200105556,1/23/2020 0:00,1/16/2020 0:00,1540,IC,1,123,624,400
200105558,1/23/2020 0:00,1/23/2020 0:00,1145,IC,1,111,350,
200105571,1/21/2020 0:00,1/21/2020 0:00,800,IC,1,161,440,
200105574,1/23/2020 0:00,1/23/2020 0:00,1221,AO,1,159,343,
200122215,12/10/2020 0:00,12/8/2020 0:00,2000,AO,1,156,815,400
200105577,1/23/2020 0:00,1/23/2020 0:00,930,IC,1,152,624,400
200105578,1/22/2020 0:00,1/21/2020 0:00,1730,IC,1,147,310,
200218310,12/7/2020 0:00,12/5/2020 0:00,1745,AO,2,249,510,
200105581,1/24/2020 0:00,1/24/2020 0:00,25,IC,1,145,210,400
200105583,1/23/2020 0:00,1/23/2020 0:00,1715,IC,1,162,350,400
201012706,9/3/2020 0:00,7/27/2020 0:00,700,AA,10,1008,845,
200105585,1/23/2020 0:00,1/22/2020 0:00,2230,IC,1,154,330,
200105586,1/23/2020 0:00,1/23/2020 0:00,1610,IC,1,105,624,500
220614831,8/18/2022 0:00,8/17/2020 0:00,1200,IC,6,666,354,
201111473,7/15/2020 0:00,7/15/2020 0:00,1134,IC,11,1117,661,
201009044,5/15/2020 0:00,5/13/2020 0:00,1315,IC,10,1049,331,
200105591,1/24/2020 0:00,1/24/2020 0:00,45,IC,1,152,626,400
200105592,1/24/2020 0:00,1/23/2020 0:00,345,IC,1,182,330,500
200806568,2/27/2020 0:00,2/20/2020 0:00,1200,IC,8,852,480,
200105596,1/24/2020 0:00,1/23/2020 0:00,1000,IC,1,119,740,
200105599,1/24/2020 0:00,1/23/2020 0:00,2050,AO,1,161,626,400
200105601,1/23/2020 0:00,1/23/2020 0:00,2030,IC,1,111,625,500
200105602,1/24/2020 0:00,1/24/2020 0:00,100,IC,1,166,626,400
200105604,1/24/2020 0:00,1/24/2020 0:00,630,IC,1,166,440,
200609150,4/16/2020 0:00,4/16/2020 0:00,1900,IC,6,648,420,
211415778,7/29/2021 0:00,8/2/2020 0:00,209,AO,14,1444,121,400
200105608,1/24/2020 0:00,1/24/2020 0:00,845,AA,1,142,860,400
200105609,1/24/2020 0:00,1/24/2020 0:00,845,AA,1,142,860,400
200504370,1/9/2020 0:00,1/8/2020 0:00,2000,IC,5,504,510,
200105905,1/28/2020 0:00,1/28/2020 0:00,810,IC,1,154,761,308
200105610,1/24/2020 0:00,1/24/2020 0:00,800,IC,1,166,230,207
200105612,1/24/2020 0:00,1/24/2020 0:00,1015,IC,1,155,624,500
200105619,1/24/2020 0:00,1/24/2020 0:00,1300,IC,1,157,745,
210917704,12/17/2021 0:00,12/25/2020 0:00,1200,IC,9,939,956,
200105626,1/24/2020 0:00,1/17/2020 0:00,1900,IC,1,135,351,400
200105628,1/24/2020 0:00,1/5/2020 0:00,2000,IC,1,155,220,400
200105630,1/24/2020 0:00,1/24/2020 0:00,1455,IC,1,122,745,212
200408039,4/17/2020 0:00,4/17/2020 0:00,1,AO,4,417,236,500
200105632,1/24/2020 0:00,1/24/2020 0:00,805,IC,1,143,860,400
211716180,12/15/2021 0:00,7/15/2020 0:00,1200,IC,17,1797,510,
200105634,1/24/2020 0:00,1/24/2020 0:00,1500,IC,1,139,480,
200105635,1/24/2020 0:00,1/24/2020 0:00,900,IC,1,156,440,
200105637,1/24/2020 0:00,1/23/2020 0:00,1145,AO,1,158,440,
212018351,12/15/2021 0:00,11/1/2020 0:00,1400,IC,20,2036,310,
200917497,11/20/2020 0:00,11/20/2020 0:00,1130,IC,9,966,624,500
200308673,3/17/2020 0:00,3/17/2020 0:00,1200,AA,3,321,343,
201011914,8/10/2020 0:00,8/2/2020 0:00,1005,IC,10,1001,330,
200105655,1/24/2020 0:00,1/22/2020 0:00,1900,IC,1,156,740,
200105656,1/24/2020 0:00,1/23/2020 0:00,1610,IC,1,161,341,
200105657,1/24/2020 0:00,1/23/2020 0:00,1900,IC,1,182,330,
200105661,1/24/2020 0:00,1/24/2020 0:00,1845,IC,1,134,341,
200105662,1/24/2020 0:00,1/24/2020 0:00,1745,IC,1,138,230,207
200105663,1/25/2020 0:00,1/24/2020 0:00,2215,IC,1,191,330,
200105664,1/25/2020 0:00,1/25/2020 0:00,300,AO,1,195,626,400
200105665,1/25/2020 0:00,1/24/2020 0:00,2130,IC,1,182,330,
200404158,1/5/2020 0:00,1/4/2020 0:00,2200,IC,4,421,510,
200105666,1/24/2020 0:00,1/24/2020 0:00,1400,IC,1,119,480,
201411760,5/27/2020 0:00,5/26/2020 0:00,2100,IC,14,1453,331,
200504577,1/14/2020 0:00,1/13/2020 0:00,2200,IC,5,504,510,
200613614,8/6/2020 0:00,8/6/2020 0:00,2300,IC,6,647,624,400
200105669,1/25/2020 0:00,1/24/2020 0:00,2100,IC,1,158,330,
200105670,1/25/2020 0:00,1/25/2020 0:00,200,IC,1,153,761,207
200105671,1/24/2020 0:00,1/24/2020 0:00,1,IC,1,138,821,400
200105672,1/25/2020 0:00,1/24/2020 0:00,2000,IC,1,171,510,
200105674,1/25/2020 0:00,1/24/2020 0:00,700,IC,1,159,341,
200105675,1/25/2020 0:00,1/25/2020 0:00,445,IC,1,195,210,400
200105685,1/25/2020 0:00,1/24/2020 0:00,2100,IC,1,159,330,
200105686,1/25/2020 0:00,1/25/2020 0:00,1200,IC,1,155,440,
200105687,1/25/2020 0:00,1/24/2020 0:00,2045,IC,1,162,310,
200105688,1/24/2020 0:00,1/24/2020 0:00,1930,IC,1,138,900,
200105690,1/25/2020 0:00,1/17/2020 0:00,1730,IC,1,176,310,
200105692,1/25/2020 0:00,1/25/2020 0:00,730,IC,1,158,762,
200105693,1/25/2020 0:00,1/24/2020 0:00,1500,IC,1,111,330,
200105695,1/25/2020 0:00,1/24/2020 0:00,1610,IC,1,146,442,
210716708,12/13/2021 0:00,5/1/2020 0:00,800,IC,7,723,668,
200105697,1/25/2020 0:00,1/25/2020 0:00,1100,IC,1,162,442,
200105699,1/25/2020 0:00,1/25/2020 0:00,1430,IC,1,162,442,
200105700,1/25/2020 0:00,1/22/2020 0:00,1900,IC,1,111,510,
200105701,1/25/2020 0:00,1/25/2020 0:00,1250,AA,1,157,210,400
200105705,1/25/2020 0:00,1/25/2020 0:00,1630,IC,1,163,210,500
200105706,1/25/2020 0:00,1/16/2020 0:00,1400,IC,1,152,440,
200105707,1/25/2020 0:00,1/25/2020 0:00,1730,IC,1,155,745,
200105708,1/25/2020 0:00,1/24/2020 0:00,2000,IC,1,118,740,
200105709,1/25/2020 0:00,1/25/2020 0:00,1040,IC,1,181,341,
200105710,1/25/2020 0:00,1/25/2020 0:00,100,IC,1,138,330,
200105713,1/25/2020 0:00,1/24/2020 0:00,2230,IC,1,118,330,
200105714,1/26/2020 0:00,1/25/2020 0:00,900,IC,1,101,740,
200105715,1/26/2020 0:00,1/25/2020 0:00,2114,IC,1,182,210,102
200309004,3/24/2020 0:00,3/8/2020 0:00,1,IC,3,335,740,
200105718,1/25/2020 0:00,1/25/2020 0:00,2040,AO,1,191,237,
200105720,1/25/2020 0:00,1/25/2020 0:00,1700,IC,1,185,624,400
200105721,1/26/2020 0:00,1/26/2020 0:00,100,IC,1,154,230,207
200105723,1/25/2020 0:00,1/25/2020 0:00,1820,IC,1,153,624,400
200105724,1/26/2020 0:00,1/26/2020 0:00,345,IC,1,162,761,500
200105725,1/26/2020 0:00,1/26/2020 0:00,125,IC,1,171,624,400
200105726,1/26/2020 0:00,1/26/2020 0:00,125,IC,1,171,624,400
200105727,1/26/2020 0:00,1/26/2020 0:00,125,IC,1,171,624,400
200105728,1/26/2020 0:00,1/26/2020 0:00,125,IC,1,171,624,400
200105731,1/26/2020 0:00,1/26/2020 0:00,215,IC,1,155,440,
200105732,1/26/2020 0:00,1/25/2020 0:00,2100,IC,1,118,310,500
200105734,1/25/2020 0:00,1/25/2020 0:00,650,IC,1,181,624,400
200105735,1/26/2020 0:00,1/26/2020 0:00,522,AA,1,127,740,
200105736,1/26/2020 0:00,1/26/2020 0:00,740,IC,1,119,624,400
200105737,1/26/2020 0:00,1/25/2020 0:00,2133,IC,1,144,330,500
200105738,1/25/2020 0:00,1/22/2020 0:00,1800,IC,1,153,330,500
200105739,1/26/2020 0:00,1/12/2020 0:00,2000,IC,1,105,930,400
200105740,1/25/2020 0:00,1/20/2020 0:00,1300,IC,1,119,354,
220207597,3/21/2022 0:00,10/1/2020 0:00,2200,IC,2,291,210,500
200105742,1/26/2020 0:00,1/25/2020 0:00,1800,IC,1,182,510,
200105836,1/27/2020 0:00,1/27/2020 0:00,1505,IC,1,118,230,500
200105837,1/27/2020 0:00,1/27/2020 0:00,1805,IC,1,157,624,400
200105745,1/26/2020 0:00,1/26/2020 0:00,135,IC,1,164,121,400
200105748,1/26/2020 0:00,1/26/2020 0:00,1120,IC,1,166,930,500
200105749,1/26/2020 0:00,1/26/2020 0:00,955,AO,1,155,740,
200105750,1/26/2020 0:00,1/26/2020 0:00,1305,IC,1,162,624,500
200105751,1/26/2020 0:00,1/26/2020 0:00,1555,IC,1,166,624,400
200105753,1/26/2020 0:00,1/26/2020 0:00,1630,IC,1,148,210,400
200105754,1/26/2020 0:00,1/26/2020 0:00,1245,IC,1,146,624,400
200105755,1/26/2020 0:00,1/25/2020 0:00,2330,IC,1,162,480,
200105757,1/26/2020 0:00,1/26/2020 0:00,1530,IC,1,195,510,
200105759,1/26/2020 0:00,1/21/2020 0:00,1830,IC,1,111,310,
200105760,1/26/2020 0:00,1/26/2020 0:00,1710,IC,1,162,442,
200105761,1/26/2020 0:00,1/26/2020 0:00,1600,AA,1,153,230,400
200105762,1/26/2020 0:00,1/26/2020 0:00,1100,IC,1,162,442,
200105764,1/26/2020 0:00,1/26/2020 0:00,1815,IC,1,181,860,400
200105765,1/27/2020 0:00,1/26/2020 0:00,930,IC,1,182,510,
200105768,1/26/2020 0:00,1/26/2020 0:00,1430,IC,1,181,341,
200105769,1/23/2020 0:00,1/22/2020 0:00,700,IC,1,119,745,
200105771,1/26/2020 0:00,1/26/2020 0:00,2100,IC,1,192,330,
200105772,1/26/2020 0:00,1/26/2020 0:00,1700,IC,1,192,624,400
200508100,4/9/2020 0:00,4/8/2020 0:00,1500,IC,5,512,330,
200105774,1/26/2020 0:00,1/26/2020 0:00,2215,IC,1,153,624,400
200105776,1/26/2020 0:00,1/26/2020 0:00,1930,AA,1,159,930,113
200105777,1/26/2020 0:00,1/26/2020 0:00,1930,AA,1,159,930,113
200105778,1/26/2020 0:00,1/26/2020 0:00,1745,IC,1,162,442,
200105779,1/26/2020 0:00,1/26/2020 0:00,1646,IC,1,162,442,
200105780,1/27/2020 0:00,1/27/2020 0:00,200,IC,1,174,230,201
200105781,1/27/2020 0:00,1/25/2020 0:00,1104,IC,1,171,648,
201110303,6/11/2020 0:00,6/8/2020 0:00,2000,IC,11,1118,310,
212114920,10/7/2021 0:00,10/15/2020 0:00,2000,AO,21,2137,121,400
200105784,1/18/2020 0:00,1/17/2020 0:00,1900,IC,1,142,330,
200105785,1/24/2020 0:00,1/23/2020 0:00,1710,IC,1,152,341,
200105787,1/25/2020 0:00,1/24/2020 0:00,1150,IC,1,164,341,
200105788,1/5/2020 0:00,1/5/2020 0:00,1945,IC,1,181,341,
200105789,1/26/2020 0:00,1/25/2020 0:00,2117,IC,1,159,330,
200105790,1/26/2020 0:00,1/25/2020 0:00,2000,IC,1,159,330,
200105791,1/26/2020 0:00,1/23/2020 0:00,1200,IC,1,152,480,
200105792,1/26/2020 0:00,1/19/2020 0:00,1020,IC,1,176,440,
200105793,1/26/2020 0:00,1/26/2020 0:00,1210,IC,1,182,440,
200105794,1/27/2020 0:00,1/20/2020 0:00,1445,IC,1,119,946,
200105795,1/26/2020 0:00,1/26/2020 0:00,1900,IC,1,129,740,500
200105796,1/27/2020 0:00,1/20/2020 0:00,1455,IC,1,174,440,
200105805,1/27/2020 0:00,1/27/2020 0:00,930,IC,1,162,888,
200105807,1/25/2020 0:00,1/25/2020 0:00,100,IC,1,163,626,400
200105808,1/26/2020 0:00,1/24/2020 0:00,1500,IC,1,182,330,500
200105809,1/27/2020 0:00,1/26/2020 0:00,1500,IC,1,155,510,
200105812,1/27/2020 0:00,1/20/2020 0:00,1810,IC,1,135,664,
200105821,1/26/2020 0:00,1/26/2020 0:00,1530,IC,1,185,662,
200105824,1/27/2020 0:00,1/26/2020 0:00,1800,IC,1,111,341,
200105825,1/27/2020 0:00,1/27/2020 0:00,825,IC,1,157,901,
200105826,1/27/2020 0:00,1/27/2020 0:00,1000,IC,1,146,442,
200105829,1/27/2020 0:00,1/25/2020 0:00,2100,IC,1,182,510,
200105830,1/27/2020 0:00,1/27/2020 0:00,1125,AO,1,123,236,400
200105834,1/27/2020 0:00,1/27/2020 0:00,1350,IC,1,118,624,400
200517231,11/29/2020 0:00,11/29/2020 0:00,1900,AO,5,506,624,400
200105838,1/27/2020 0:00,1/27/2020 0:00,600,IC,1,166,440,
200600544,1/18/2020 0:00,1/18/2020 0:00,1000,AA,6,629,900,
201107274,3/13/2020 0:00,3/12/2020 0:00,2200,IC,11,1148,330,
200105903,1/28/2020 0:00,1/28/2020 0:00,900,IC,1,182,624,400
200105906,1/28/2020 0:00,1/28/2020 0:00,1045,IC,1,162,888,
210211279,6/29/2021 0:00,1/1/2020 0:00,2000,AO,2,261,812,400
200105848,1/27/2020 0:00,1/27/2020 0:00,1335,IC,1,162,442,
200105850,1/27/2020 0:00,1/27/2020 0:00,850,IC,1,192,440,
200105854,1/26/2020 0:00,1/26/2020 0:00,2140,IC,1,144,624,400
200409340,5/29/2020 0:00,5/27/2020 0:00,1230,IC,4,439,420,
200105857,1/26/2020 0:00,1/26/2020 0:00,1817,IC,1,153,624,400
200105859,1/27/2020 0:00,1/27/2020 0:00,1945,IC,1,138,330,
200208234,3/26/2020 0:00,3/25/2020 0:00,1900,IC,2,245,740,
200105861,1/27/2020 0:00,1/25/2020 0:00,1200,IC,1,111,930,511
200105862,1/28/2020 0:00,1/28/2020 0:00,30,IC,1,111,210,400
200105863,1/28/2020 0:00,1/27/2020 0:00,2020,IC,1,162,350,
200105864,1/28/2020 0:00,1/27/2020 0:00,2355,IC,1,162,625,500
200105865,1/28/2020 0:00,1/27/2020 0:00,1630,IC,1,152,350,
200105866,1/28/2020 0:00,1/27/2020 0:00,2130,IC,1,182,745,
200105869,1/28/2020 0:00,1/27/2020 0:00,1630,IC,1,148,440,
200105870,1/28/2020 0:00,1/3/2020 0:00,1000,IC,1,161,341,
200105871,1/28/2020 0:00,1/27/2020 0:00,415,IC,1,119,440,
200105872,1/27/2020 0:00,1/27/2020 0:00,1830,IC,1,123,740,
200105878,1/27/2020 0:00,1/27/2020 0:00,1600,IC,1,162,442,
200105880,1/27/2020 0:00,1/25/2020 0:00,2100,IC,1,192,330,
200105882,1/28/2020 0:00,1/27/2020 0:00,2300,IC,1,195,740,
200105884,1/28/2020 0:00,1/27/2020 0:00,1605,IC,1,135,740,
200105885,1/28/2020 0:00,1/27/2020 0:00,2107,IC,1,144,956,
200404630,1/17/2020 0:00,1/16/2020 0:00,2130,IC,4,471,330,
200105891,1/27/2020 0:00,1/25/2020 0:00,1400,IC,1,171,341,
200219185,12/31/2020 0:00,12/31/2020 0:00,1930,AO,2,248,626,500
200105898,1/28/2020 0:00,1/28/2020 0:00,1005,IC,1,192,888,
200121195,11/18/2020 0:00,9/1/2020 0:00,1200,AA,1,155,845,
200105907,1/28/2020 0:00,1/27/2020 0:00,1645,IC,1,166,624,400
200105909,1/28/2020 0:00,1/10/2020 0:00,1200,IC,1,135,341,
200105910,1/28/2020 0:00,1/27/2020 0:00,2000,IC,1,111,330,
200105911,1/28/2020 0:00,1/28/2020 0:00,1530,IC,1,146,442,
200105912,1/28/2020 0:00,1/28/2020 0:00,2030,IC,1,105,330,
200105913,1/28/2020 0:00,1/28/2020 0:00,1630,IC,1,176,624,400
200105914,1/28/2020 0:00,1/28/2020 0:00,1345,IC,1,162,442,
200512066,7/20/2020 0:00,7/20/2020 0:00,750,AA,5,585,230,311
200105920,1/29/2020 0:00,1/28/2020 0:00,1320,IC,1,119,624,400
200410044,6/21/2020 0:00,6/21/2020 0:00,445,IC,4,443,946,
200105922,1/28/2020 0:00,1/28/2020 0:00,1600,IC,1,138,330,
200121726,11/30/2020 0:00,11/24/2020 0:00,1000,IC,1,161,753,106
200105924,1/28/2020 0:00,1/28/2020 0:00,1020,IC,1,152,330,
200105925,1/28/2020 0:00,1/28/2020 0:00,1800,IC,1,192,330,
200105926,1/28/2020 0:00,1/28/2020 0:00,2210,AO,1,118,930,511
201614054,10/20/2020 0:00,10/20/2020 0:00,1230,AA,16,1684,350,
200607168,2/29/2020 0:00,2/29/2020 0:00,1915,IC,6,678,930,511
200105930,1/29/2020 0:00,1/29/2020 0:00,210,AO,1,195,210,312
200105931,1/28/2020 0:00,1/28/2020 0:00,10,IC,1,152,230,512
200105935,1/29/2020 0:00,1/28/2020 0:00,600,IC,1,124,420,
200105938,1/28/2020 0:00,1/27/2020 0:00,1055,IC,1,111,956,
200105943,1/29/2020 0:00,1/29/2020 0:00,730,AA,1,157,236,400
200105945,1/29/2020 0:00,1/28/2020 0:00,1725,IC,1,124,903,
200105946,1/29/2020 0:00,1/29/2020 0:00,720,IC,1,157,624,400
200105947,1/29/2020 0:00,1/28/2020 0:00,1730,IC,1,159,510,
210817688,12/16/2021 0:00,12/9/2020 0:00,1300,IC,8,835,649,
200504494,1/11/2020 0:00,1/11/2020 0:00,1340,AA,5,565,930,511
201108617,4/22/2020 0:00,4/7/2020 0:00,1420,IC,11,1143,354,
200105954,1/29/2020 0:00,1/28/2020 0:00,700,IC,1,101,510,
200105960,1/29/2020 0:00,1/29/2020 0:00,1346,IC,1,157,900,
200105962,1/29/2020 0:00,1/28/2020 0:00,1647,IC,1,162,442,
200105963,1/29/2020 0:00,1/17/2020 0:00,1200,IC,1,105,649,
200105968,1/29/2020 0:00,1/24/2020 0:00,2350,IC,1,152,230,212
200105971,1/29/2020 0:00,1/29/2020 0:00,1300,IC,1,162,442,
200105972,1/29/2020 0:00,1/29/2020 0:00,1215,AA,1,111,230,400
200105973,1/29/2020 0:00,1/29/2020 0:00,1215,AA,1,111,624,400
200105974,1/29/2020 0:00,1/29/2020 0:00,1100,IC,1,105,510,
200105975,1/29/2020 0:00,1/20/2020 0:00,2330,IC,1,182,662,
200105976,1/29/2020 0:00,1/29/2020 0:00,1036,IC,1,162,442,
200105977,1/29/2020 0:00,1/29/2020 0:00,925,IC,1,156,230,512
200105980,1/29/2020 0:00,1/29/2020 0:00,2040,IC,1,163,946,
200105981,1/29/2020 0:00,1/28/2020 0:00,1500,IC,1,158,330,
200105989,1/30/2020 0:00,1/29/2020 0:00,2130,IC,1,163,624,400
200105990,1/29/2020 0:00,1/26/2020 0:00,2330,IC,1,185,330,500
200105991,1/30/2020 0:00,1/30/2020 0:00,400,IC,1,162,210,400
200105992,1/30/2020 0:00,1/30/2020 0:00,250,IC,1,152,740,
200105993,1/29/2020 0:00,1/29/2020 0:00,2245,IC,1,101,901,
201008496,4/28/2020 0:00,4/25/2020 0:00,1800,AO,10,1021,420,
200105997,1/30/2020 0:00,1/29/2020 0:00,1630,IC,1,157,901,
200105998,1/30/2020 0:00,1/25/2020 0:00,140,IC,1,134,668,
200105999,1/29/2020 0:00,1/29/2020 0:00,1230,IC,1,141,740,
201214500,6/11/2020 0:00,6/11/2020 0:00,2000,JO,12,1241,624,400
200106002,1/29/2020 0:00,1/23/2020 0:00,1000,IC,1,157,440,
200106058,1/30/2020 0:00,1/30/2020 0:00,1314,IC,1,142,649,
200106003,1/29/2020 0:00,1/29/2020 0:00,1000,IC,1,158,624,400
200106004,1/29/2020 0:00,1/26/2020 0:00,1200,IC,1,101,480,
200106005,1/30/2020 0:00,1/29/2020 0:00,1840,IC,1,139,310,
200106006,1/28/2020 0:00,1/21/2020 0:00,900,IC,1,162,480,
200106007,1/29/2020 0:00,1/29/2020 0:00,1720,IC,1,146,440,
200106008,1/30/2020 0:00,1/30/2020 0:00,330,IC,1,156,230,308
201110606,6/19/2020 0:00,6/16/2020 0:00,2002,AO,11,1123,331,
200106012,1/27/2020 0:00,1/27/2020 0:00,1431,IC,1,152,341,
200106013,1/29/2020 0:00,1/25/2020 0:00,2330,IC,1,192,330,
200106014,1/29/2020 0:00,1/5/2020 0:00,1600,IC,1,119,341,
200106015,1/28/2020 0:00,1/28/2020 0:00,910,IC,1,171,330,
200106016,1/30/2020 0:00,1/30/2020 0:00,200,IC,1,161,330,
200106021,1/30/2020 0:00,1/30/2020 0:00,600,IC,1,185,341,
200106023,1/30/2020 0:00,1/30/2020 0:00,815,IC,1,135,626,400
200106024,1/30/2020 0:00,1/29/2020 0:00,2220,IC,1,153,330,
200122993,12/31/2020 0:00,12/31/2020 0:00,1205,AA,1,161,343,
200106028,1/29/2020 0:00,1/29/2020 0:00,1600,IC,1,158,624,400
200106037,1/30/2020 0:00,1/25/2020 0:00,1920,IC,1,176,420,
200106038,1/30/2020 0:00,1/29/2020 0:00,1600,IC,1,145,210,400
200106039,1/30/2020 0:00,1/29/2020 0:00,430,IC,1,165,310,
200106040,1/30/2020 0:00,1/16/2020 0:00,1900,IC,1,176,210,400
200106041,1/30/2020 0:00,1/29/2020 0:00,1425,IC,1,143,745,400
200106044,1/30/2020 0:00,1/30/2020 0:00,1105,IC,1,176,624,500
201007631,3/28/2020 0:00,3/28/2020 0:00,1645,IC,10,1033,761,208
200106102,1/30/2020 0:00,1/28/2020 0:00,1725,IC,1,124,956,
200322152,12/23/2020 0:00,12/23/2020 0:00,1145,AO,3,308,740,400
200106049,1/30/2020 0:00,1/29/2020 0:00,2100,IC,1,124,330,
200106050,1/30/2020 0:00,1/30/2020 0:00,1600,IC,1,135,440,
200106061,1/30/2020 0:00,1/30/2020 0:00,1230,IC,1,171,440,
201226353,12/5/2020 0:00,12/5/2020 0:00,1830,AO,12,1213,230,212
200106063,1/30/2020 0:00,1/30/2020 0:00,1430,IC,1,176,624,400
200106071,1/30/2020 0:00,1/30/2020 0:00,1750,IC,1,111,341,
200106073,1/30/2020 0:00,1/25/2020 0:00,1830,IC,1,182,330,
200106074,1/30/2020 0:00,1/30/2020 0:00,1500,IC,1,153,740,
200106075,1/16/2020 0:00,1/15/2020 0:00,1900,IC,1,101,330,
200106076,1/30/2020 0:00,1/30/2020 0:00,1720,IC,1,124,648,
200106077,1/30/2020 0:00,1/30/2020 0:00,840,IC,1,192,510,
200106078,1/30/2020 0:00,1/29/2020 0:00,2115,IC,1,182,330,
200106080,1/31/2020 0:00,1/30/2020 0:00,2044,IC,1,162,442,
200516455,11/10/2020 0:00,11/10/2020 0:00,1130,AA,5,507,626,400
200106082,1/31/2020 0:00,1/30/2020 0:00,1730,IC,1,119,625,500
201110326,6/12/2020 0:00,6/11/2020 0:00,2000,IC,11,1138,510,
200106086,1/31/2020 0:00,1/30/2020 0:00,1800,IC,1,152,230,400
200106088,1/31/2020 0:00,1/30/2020 0:00,1820,IC,1,156,230,400
200106090,1/31/2020 0:00,1/30/2020 0:00,630,IC,1,129,330,
221209383,3/30/2022 0:00,2/25/2020 0:00,1930,IC,12,1207,354,
211320345,12/14/2021 0:00,12/1/2020 0:00,1700,IC,13,1365,813,400
210715828,11/20/2021 0:00,8/1/2020 0:00,1900,IC,7,734,310,
200106096,1/31/2020 0:00,1/30/2020 0:00,2000,IC,1,101,745,
200106099,1/30/2020 0:00,1/28/2020 0:00,1725,IC,1,124,956,
200106100,1/30/2020 0:00,1/28/2020 0:00,1725,IC,1,124,956,
200106101,1/30/2020 0:00,1/28/2020 0:00,1725,IC,1,124,956,
200106103,1/30/2020 0:00,1/27/2020 0:00,1600,IC,1,182,440,
200106104,1/30/2020 0:00,1/28/2020 0:00,1725,IC,1,124,956,
200106105,1/30/2020 0:00,1/28/2020 0:00,1725,IC,1,124,956,
200106107,1/30/2020 0:00,1/30/2020 0:00,1350,IC,1,161,440,
200106108,1/30/2020 0:00,1/29/2020 0:00,2030,IC,1,185,330,
200106109,1/31/2020 0:00,1/29/2020 0:00,1400,IC,1,156,420,
200106111,1/30/2020 0:00,1/30/2020 0:00,2100,IC,1,182,330,
200809562,5/17/2020 0:00,5/17/2020 0:00,1430,IC,8,826,442,
201108104,4/7/2020 0:00,4/6/2020 0:00,1900,IC,11,1162,510,
200106117,1/31/2020 0:00,1/31/2020 0:00,1000,IC,1,185,624,400
200106119,1/31/2020 0:00,1/31/2020 0:00,400,IC,1,166,440,
200106121,1/31/2020 0:00,1/27/2020 0:00,1315,IC,1,195,946,
200106124,1/31/2020 0:00,1/30/2020 0:00,2000,IC,1,159,330,
200106125,1/31/2020 0:00,1/30/2020 0:00,2100,IC,1,165,440,
200106127,1/31/2020 0:00,1/30/2020 0:00,1345,IC,1,157,230,512
201226354,12/5/2020 0:00,12/5/2020 0:00,1830,AO,12,1213,230,212
200414732,11/9/2020 0:00,10/1/2020 0:00,1700,AO,4,469,626,400
200815069,10/9/2020 0:00,10/9/2020 0:00,1400,IC,8,819,320,
200612810,7/19/2020 0:00,7/19/2020 0:00,1740,IC,6,638,761,102
201108147,4/8/2020 0:00,4/8/2020 0:00,745,AO,11,1135,745,
200106142,1/31/2020 0:00,1/31/2020 0:00,1130,IC,1,156,624,400
200106143,1/31/2020 0:00,1/24/2020 0:00,1300,IC,1,111,420,
200106146,1/31/2020 0:00,1/31/2020 0:00,1130,IC,1,156,624,400
200106147,1/28/2020 0:00,1/27/2020 0:00,1700,IC,1,182,420,
200106148,1/31/2020 0:00,1/31/2020 0:00,1245,IC,1,153,330,
200106149,1/31/2020 0:00,1/31/2020 0:00,1425,IC,1,153,745,
200106150,1/31/2020 0:00,1/31/2020 0:00,200,IC,1,164,230,500
200106164,1/31/2020 0:00,1/30/2020 0:00,1004,IC,1,192,745,
200106166,1/31/2020 0:00,1/31/2020 0:00,1015,IC,1,166,210,500
200304583,1/10/2020 0:00,1/10/2020 0:00,705,AO,3,361,901,
200808438,4/18/2020 0:00,4/18/2020 0:00,1930,AA,8,842,330,
200106172,1/31/2020 0:00,1/31/2020 0:00,1310,IC,1,119,440,
200106173,1/31/2020 0:00,1/31/2020 0:00,1935,IC,1,171,624,400
200106174,1/31/2020 0:00,1/31/2020 0:00,1851,IC,1,156,480,
200106175,1/31/2020 0:00,1/31/2020 0:00,830,IC,1,157,341,
201004548,1/14/2020 0:00,1/14/2020 0:00,1316,AA,10,1043,930,102
200106178,1/31/2020 0:00,1/31/2020 0:00,1830,IC,1,142,624,400
200106179,2/1/2020 0:00,2/1/2020 0:00,415,IC,1,153,220,400
220213256,7/14/2022 0:00,7/14/2020 0:00,900,IC,2,257,354,
200106181,1/30/2020 0:00,1/23/2020 0:00,1330,IC,1,101,354,
200106182,2/1/2020 0:00,2/1/2020 0:00,500,IC,1,147,440,
200106183,1/31/2020 0:00,1/31/2020 0:00,745,IC,1,159,341,
200106184,1/31/2020 0:00,1/30/2020 0:00,2230,IC,1,139,745,
200106185,1/31/2020 0:00,1/31/2020 0:00,1330,IC,1,182,330,
200106186,2/1/2020 0:00,1/31/2020 0:00,1930,IC,1,105,510,
200106187,2/1/2020 0:00,1/31/2020 0:00,2230,IC,1,192,330,
200106193,2/1/2020 0:00,1/31/2020 0:00,1500,IC,1,195,420,
201109103,5/7/2020 0:00,5/7/2020 0:00,140,IC,11,1109,888,
201224597,11/16/2020 0:00,11/16/2020 0:00,1840,IC,12,1204,236,512
200106197,2/1/2020 0:00,2/1/2020 0:00,1315,IC,1,164,745,
200106198,2/1/2020 0:00,2/1/2020 0:00,1030,IC,1,111,624,400
200106199,2/1/2020 0:00,1/31/2020 0:00,2330,IC,1,182,510,
200507056,3/11/2020 0:00,3/11/2020 0:00,2105,AO,5,566,740,
200106208,2/1/2020 0:00,2/1/2020 0:00,1630,IC,1,111,420,
200106209,2/1/2020 0:00,2/1/2020 0:00,1200,IC,1,162,442,
200106210,2/1/2020 0:00,2/1/2020 0:00,1620,IC,1,138,230,207
201008883,5/9/2020 0:00,5/9/2020 0:00,540,AA,10,1047,626,400
200106214,2/1/2020 0:00,1/31/2020 0:00,2100,IC,1,159,330,
200913781,8/21/2020 0:00,8/20/2020 0:00,503,AO,9,923,753,107
200106217,2/1/2020 0:00,2/1/2020 0:00,1515,IC,1,156,625,500
200106218,2/1/2020 0:00,1/31/2020 0:00,1000,IC,1,152,624,400
200106560,2/5/2020 0:00,2/5/2020 0:00,1720,IC,1,161,888,
200106220,2/1/2020 0:00,2/1/2020 0:00,130,IC,1,111,230,207
200106221,2/1/2020 0:00,2/1/2020 0:00,1710,IC,1,111,440,
200106222,2/2/2020 0:00,2/1/2020 0:00,2130,IC,1,185,330,
200106224,2/2/2020 0:00,2/1/2020 0:00,1525,AA,1,119,230,512
200106225,2/2/2020 0:00,2/1/2020 0:00,2220,IC,1,171,624,400
200106226,2/2/2020 0:00,2/1/2020 0:00,2220,IC,1,171,624,400
200106227,2/2/2020 0:00,2/1/2020 0:00,2220,IC,1,171,624,400
200106228,2/2/2020 0:00,2/1/2020 0:00,2220,IC,1,171,624,400
200106229,2/1/2020 0:00,2/1/2020 0:00,1930,IC,1,152,330,
200106230,2/2/2020 0:00,2/1/2020 0:00,1900,IC,1,161,341,
200106231,2/2/2020 0:00,2/1/2020 0:00,2000,IC,1,162,341,
200106232,2/2/2020 0:00,1/12/2020 0:00,1200,IC,1,162,354,
200106236,2/2/2020 0:00,2/2/2020 0:00,300,IC,1,152,230,200
200106237,2/2/2020 0:00,2/1/2020 0:00,1930,IC,1,192,330,
200106238,2/2/2020 0:00,2/1/2020 0:00,1855,IC,1,174,330,
200106239,2/2/2020 0:00,2/2/2020 0:00,100,IC,1,174,350,
200106242,2/2/2020 0:00,2/2/2020 0:00,400,IC,1,129,624,400
200106243,2/2/2020 0:00,2/2/2020 0:00,140,AO,1,153,626,400
200106244,2/2/2020 0:00,2/2/2020 0:00,140,IC,1,151,236,302
200106245,2/2/2020 0:00,2/1/2020 0:00,1640,IC,1,145,440,
200106246,2/2/2020 0:00,2/1/2020 0:00,2000,IC,1,162,440,
200917765,11/28/2020 0:00,11/27/2020 0:00,2000,IC,9,915,510,
200106247,2/2/2020 0:00,1/31/2020 0:00,1200,IC,1,176,230,200
200215059,9/16/2020 0:00,9/16/2020 0:00,250,IC,2,236,626,400
200106253,2/2/2020 0:00,2/1/2020 0:00,1000,IC,1,192,510,
200106257,2/2/2020 0:00,2/2/2020 0:00,1100,IC,1,162,442,
200106266,2/2/2020 0:00,2/2/2020 0:00,1130,AA,1,152,623,400
200106270,2/2/2020 0:00,2/2/2020 0:00,515,IC,1,119,440,
200106273,2/2/2020 0:00,1/31/2020 0:00,2000,IC,1,139,745,
200106275,2/2/2020 0:00,1/31/2020 0:00,2000,IC,1,152,440,
200812870,8/11/2020 0:00,8/2/2020 0:00,2300,IC,8,835,745,
201113281,9/4/2020 0:00,9/2/2020 0:00,1800,IC,11,1171,310,
200106283,2/2/2020 0:00,2/1/2020 0:00,700,IC,1,182,330,
200106285,2/2/2020 0:00,2/2/2020 0:00,1345,IC,1,132,888,
200106286,2/2/2020 0:00,1/31/2020 0:00,2115,IC,1,139,740,
200106288,2/2/2020 0:00,2/1/2020 0:00,1800,IC,1,139,420,
200106289,2/2/2020 0:00,2/1/2020 0:00,2150,AA,1,182,230,400
200106290,2/2/2020 0:00,2/2/2020 0:00,1930,IC,1,128,920,400
201226350,12/5/2020 0:00,12/5/2020 0:00,1830,AO,12,1213,230,212
200106293,2/2/2020 0:00,2/2/2020 0:00,200,IC,1,192,330,
200815799,10/28/2020 0:00,10/28/2020 0:00,730,IC,8,828,354,
201211232,4/19/2020 0:00,4/19/2020 0:00,1700,AO,12,1239,236,500
210917841,12/20/2021 0:00,12/19/2020 0:00,1930,IC,9,926,510,
200218546,12/12/2020 0:00,12/11/2020 0:00,2100,AO,2,248,745,500
200507649,3/26/2020 0:00,3/25/2020 0:00,2100,IC,5,563,510,
200106300,2/2/2020 0:00,2/2/2020 0:00,1700,IC,1,153,440,
200106301,2/2/2020 0:00,2/2/2020 0:00,1500,IC,1,111,310,
200407269,3/25/2020 0:00,3/25/2020 0:00,1425,IC,4,467,330,
200106304,2/2/2020 0:00,1/31/2020 0:00,1000,IC,1,153,310,
200106305,2/3/2020 0:00,2/3/2020 0:00,400,IC,1,156,350,511
200614026,8/16/2020 0:00,8/16/2020 0:00,40,AA,6,645,310,
200512280,7/24/2020 0:00,7/24/2020 0:00,1600,AA,5,564,626,400
200106308,2/3/2020 0:00,2/2/2020 0:00,2225,IC,1,132,624,400
201106130,2/17/2020 0:00,2/14/2020 0:00,830,IC,11,1195,510,
200106309,2/3/2020 0:00,2/2/2020 0:00,2100,IC,1,138,745,
200106375,2/3/2020 0:00,1/3/2020 0:00,1700,IC,1,161,624,400
200106312,2/3/2020 0:00,2/3/2020 0:00,430,IC,1,151,624,400
200106316,2/1/2020 0:00,1/31/2020 0:00,45,IC,1,171,624,400
200106317,2/1/2020 0:00,1/30/2020 0:00,1545,IC,1,192,740,
200106318,2/3/2020 0:00,1/7/2020 0:00,1830,IC,1,185,330,
200106319,2/1/2020 0:00,2/1/2020 0:00,1100,IC,1,182,480,
200106320,2/2/2020 0:00,2/2/2020 0:00,1722,IC,1,161,440,
200106321,2/3/2020 0:00,2/2/2020 0:00,2100,IC,1,124,745,
200106327,2/3/2020 0:00,2/2/2020 0:00,2030,IC,1,182,330,
201813529,7/5/2020 0:00,7/5/2020 0:00,1100,AA,18,1804,624,400
200106329,2/3/2020 0:00,1/1/2020 0:00,1500,IC,1,133,956,
200106330,2/3/2020 0:00,2/3/2020 0:00,815,IC,1,163,624,400
200106331,2/3/2020 0:00,2/3/2020 0:00,615,IC,1,129,330,
200208239,3/26/2020 0:00,3/25/2020 0:00,1800,IC,2,237,510,
200106333,2/3/2020 0:00,2/3/2020 0:00,930,IC,1,127,480,
200208267,3/26/2020 0:00,3/20/2020 0:00,230,IC,2,231,310,
200106340,2/3/2020 0:00,2/1/2020 0:00,1730,IC,1,162,442,
200106343,2/3/2020 0:00,2/1/2020 0:00,820,IC,1,174,648,
202009875,5/18/2020 0:00,5/18/2020 0:00,1700,IC,20,2029,624,400
200106345,2/3/2020 0:00,2/3/2020 0:00,1000,AA,1,112,230,306
200106346,2/3/2020 0:00,2/3/2020 0:00,1415,IC,1,152,850,
200106347,2/3/2020 0:00,2/3/2020 0:00,1415,IC,1,152,850,
200106350,2/3/2020 0:00,2/3/2020 0:00,1420,IC,1,166,624,400
200713539,9/4/2020 0:00,8/31/2020 0:00,1000,IC,7,784,440,
200106353,2/3/2020 0:00,1/30/2020 0:00,1300,IC,1,162,330,
200106354,2/3/2020 0:00,1/19/2020 0:00,2200,IC,1,182,330,
200106356,2/3/2020 0:00,2/3/2020 0:00,1625,IC,1,128,745,
200106368,2/3/2020 0:00,1/31/2020 0:00,1100,IC,1,195,420,
200711295,7/6/2020 0:00,7/5/2020 0:00,1300,IC,7,702,510,
200711738,7/17/2020 0:00,7/2/2020 0:00,400,IC,7,721,661,
201108111,4/7/2020 0:00,4/7/2020 0:00,500,AO,11,1107,624,400
200106377,2/3/2020 0:00,2/2/2020 0:00,30,IC,1,164,624,400
200106381,2/3/2020 0:00,2/3/2020 0:00,1700,IC,1,153,666,511
200106382,2/3/2020 0:00,2/2/2020 0:00,1910,IC,1,153,330,
200106383,2/3/2020 0:00,2/3/2020 0:00,1800,IC,1,182,330,
201004675,1/17/2020 0:00,1/17/2020 0:00,530,AA,10,1001,310,
200106386,2/4/2020 0:00,2/3/2020 0:00,50,IC,1,119,440,
200106389,2/3/2020 0:00,2/1/2020 0:00,1830,IC,1,152,440,
200608531,3/30/2020 0:00,3/30/2020 0:00,1305,IC,6,643,442,
200106395,2/2/2020 0:00,2/1/2020 0:00,2045,IC,1,185,330,
200106409,2/4/2020 0:00,1/4/2020 0:00,950,IC,1,111,662,
200106410,2/4/2020 0:00,2/3/2020 0:00,1800,IC,1,111,662,
200106411,2/4/2020 0:00,2/4/2020 0:00,400,IC,1,153,121,400
200106412,2/4/2020 0:00,2/3/2020 0:00,1000,IC,1,161,341,
200106414,2/4/2020 0:00,2/4/2020 0:00,515,IC,1,174,956,
200106415,2/4/2020 0:00,1/31/2020 0:00,1600,IC,1,124,740,
200106420,2/4/2020 0:00,2/3/2020 0:00,1500,IC,1,192,330,
200106421,1/28/2020 0:00,1/28/2020 0:00,1145,IC,1,119,755,511
200401210,11/26/2020 0:00,11/26/2020 0:00,1820,AO,4,467,624,400
200106425,2/4/2020 0:00,2/4/2020 0:00,1120,IC,1,139,623,400
211220472,9/27/2021 0:00,11/26/2020 0:00,2000,AO,12,1259,930,511
200505554,2/7/2020 0:00,2/6/2020 0:00,1820,IC,5,551,510,
200915605,10/6/2020 0:00,10/6/2020 0:00,930,IC,9,964,354,
200106479,2/4/2020 0:00,2/3/2020 0:00,1830,IC,1,153,330,
200106427,2/4/2020 0:00,2/4/2020 0:00,230,IC,1,155,624,400
200816405,11/13/2020 0:00,11/13/2020 0:00,200,AO,8,833,624,400
200106433,2/4/2020 0:00,1/30/2020 0:00,2200,IC,1,159,624,400
200106443,2/5/2020 0:00,2/4/2020 0:00,1620,IC,1,152,745,
200106444,2/4/2020 0:00,1/30/2020 0:00,2100,IC,1,118,420,
200106445,2/5/2020 0:00,2/4/2020 0:00,2200,IC,1,156,210,102
200106446,2/4/2020 0:00,2/4/2020 0:00,1100,IC,1,138,420,
200106448,2/4/2020 0:00,2/4/2020 0:00,1400,IC,1,111,351,
200106449,2/5/2020 0:00,2/5/2020 0:00,200,IC,1,153,888,
200106450,2/4/2020 0:00,2/4/2020 0:00,1815,IC,1,162,442,
200106451,2/4/2020 0:00,2/4/2020 0:00,830,IC,1,123,860,400
200106452,2/4/2020 0:00,2/4/2020 0:00,500,IC,1,163,310,
200106453,2/4/2020 0:00,2/4/2020 0:00,1450,IC,1,151,440,
200106454,2/4/2020 0:00,1/28/2020 0:00,1600,IC,1,101,330,
200513966,9/8/2020 0:00,9/4/2020 0:00,1430,IC,5,564,745,
200106460,2/4/2020 0:00,2/4/2020 0:00,1655,IC,1,161,440,
221700646,3/22/2022 0:00,10/1/2020 0:00,1200,IC,17,1794,815,400
200107002,2/12/2020 0:00,2/11/2020 0:00,1850,IC,1,135,330,
200106463,2/4/2020 0:00,2/4/2020 0:00,650,IC,1,111,310,
201613505,9/29/2020 0:00,9/28/2020 0:00,1200,AA,16,1663,121,400
201226063,12/8/2020 0:00,12/4/2020 0:00,1600,AO,12,1232,236,400
210517159,12/15/2021 0:00,3/16/2020 0:00,1,IC,5,511,420,
200516175,11/4/2020 0:00,11/4/2020 0:00,1300,IC,5,509,510,
200106474,2/5/2020 0:00,2/4/2020 0:00,530,IC,1,147,626,500
200813946,9/10/2020 0:00,9/8/2020 0:00,1430,IC,8,886,310,
200106478,2/3/2020 0:00,2/3/2020 0:00,1936,IC,1,162,330,
200106480,2/4/2020 0:00,2/3/2020 0:00,1900,IC,1,165,330,
200106484,2/5/2020 0:00,2/5/2020 0:00,845,IC,1,111,761,207
200106485,2/5/2020 0:00,2/1/2020 0:00,1700,IC,1,185,341,
200106488,2/5/2020 0:00,2/5/2020 0:00,600,IC,1,118,510,
200106492,2/5/2020 0:00,2/4/2020 0:00,2000,IC,1,182,330,
200106558,1/16/2020 0:00,1/8/2020 0:00,800,IC,1,152,662,
200106493,2/5/2020 0:00,2/5/2020 0:00,1030,IC,1,159,236,512
200106494,2/5/2020 0:00,2/5/2020 0:00,830,IC,1,157,624,400
200106495,2/4/2020 0:00,2/4/2020 0:00,1530,IC,1,161,343,
200106500,2/5/2020 0:00,2/5/2020 0:00,1525,IC,1,148,624,400
200106501,2/5/2020 0:00,2/4/2020 0:00,1000,IC,1,166,310,
200106507,2/5/2020 0:00,2/5/2020 0:00,1710,IC,1,158,624,400
202008625,4/14/2020 0:00,4/14/2020 0:00,2015,AO,20,2022,624,400
200106514,2/5/2020 0:00,2/5/2020 0:00,1730,IC,1,155,230,500
200705720,2/5/2020 0:00,2/1/2020 0:00,1400,IC,7,732,341,
200106516,2/5/2020 0:00,2/5/2020 0:00,1800,IC,1,118,330,
200106517,2/5/2020 0:00,2/5/2020 0:00,930,IC,1,161,330,
211104260,1/8/2021 0:00,12/2/2020 0:00,900,AO,11,1134,310,
200106519,2/5/2020 0:00,2/5/2020 0:00,1915,IC,1,139,330,
200106520,2/5/2020 0:00,2/5/2020 0:00,1530,IC,1,182,624,400
201216539,7/15/2020 0:00,7/14/2020 0:00,2000,IC,12,1239,230,500
200106526,2/5/2020 0:00,2/5/2020 0:00,2035,IC,1,162,442,
200106527,2/5/2020 0:00,2/4/2020 0:00,1730,IC,1,162,480,
200106529,2/5/2020 0:00,1/16/2020 0:00,1200,IC,1,131,354,
200507248,3/16/2020 0:00,3/15/2020 0:00,2200,IC,5,504,310,
200106531,2/5/2020 0:00,2/5/2020 0:00,1800,IC,1,162,624,400
200912278,7/13/2020 0:00,7/12/2020 0:00,2230,AO,9,911,624,400
200106534,2/5/2020 0:00,2/5/2020 0:00,2000,IC,1,119,888,
200106546,2/5/2020 0:00,1/31/2020 0:00,1000,IC,1,154,740,
200106547,2/5/2020 0:00,2/4/2020 0:00,1000,IC,1,162,330,
200106548,2/6/2020 0:00,2/5/2020 0:00,2240,IC,1,118,330,
200709141,5/11/2020 0:00,5/11/2020 0:00,950,IC,7,702,440,
200204926,1/18/2020 0:00,1/17/2020 0:00,2020,IC,2,233,330,
200605994,2/11/2020 0:00,2/10/2020 0:00,900,IC,6,649,440,
211610422,8/10/2021 0:00,8/1/2020 0:00,2130,AO,16,1654,626,400
210218954,12/15/2021 0:00,11/19/2020 0:00,1215,IC,2,279,354,
200407234,3/24/2020 0:00,1/28/2020 0:00,1200,IC,4,453,440,
200106584,2/6/2020 0:00,2/6/2020 0:00,1215,IC,1,118,740,
211112770,9/7/2021 0:00,12/15/2020 0:00,1,AO,11,1152,236,400
200707378,3/13/2020 0:00,3/12/2020 0:00,915,IC,7,734,341,
200109640,3/25/2020 0:00,3/25/2020 0:00,400,IC,1,158,820,400
201224797,10/24/2020 0:00,10/24/2020 0:00,2010,AO,12,1249,627,400
200715141,10/21/2020 0:00,10/20/2020 0:00,1200,IC,7,775,420,
200106593,2/6/2020 0:00,2/6/2020 0:00,1630,IC,1,162,442,
201105686,2/8/2020 0:00,2/7/2020 0:00,1550,IC,11,1113,440,
200106598,2/6/2020 0:00,2/6/2020 0:00,1730,IC,1,162,442,
200106599,2/6/2020 0:00,2/6/2020 0:00,1815,IC,1,162,442,
200106600,2/6/2020 0:00,2/6/2020 0:00,2230,IC,1,158,624,400
200208266,3/26/2020 0:00,3/26/2020 0:00,1940,IC,2,248,623,500
200106604,2/7/2020 0:00,2/6/2020 0:00,930,IC,1,119,888,
200106606,2/7/2020 0:00,2/7/2020 0:00,305,IC,1,158,624,400
200106608,2/7/2020 0:00,2/7/2020 0:00,300,IC,1,164,510,
200106614,2/7/2020 0:00,2/7/2020 0:00,600,IC,1,152,624,400
200106615,2/7/2020 0:00,2/7/2020 0:00,600,IC,1,152,624,400
200106616,2/7/2020 0:00,2/7/2020 0:00,905,IC,1,143,624,400
200106617,2/7/2020 0:00,1/10/2020 0:00,1408,IC,1,142,510,
200106618,2/7/2020 0:00,2/3/2020 0:00,2200,IC,1,138,745,
210320234,12/14/2021 0:00,6/30/2020 0:00,1155,IC,3,396,354,
200106621,2/7/2020 0:00,2/7/2020 0:00,650,IC,1,192,930,511
200106622,2/7/2020 0:00,2/7/2020 0:00,650,IC,1,192,624,511
200218503,12/11/2020 0:00,12/11/2020 0:00,2100,AO,2,235,236,307
200106629,2/7/2020 0:00,2/6/2020 0:00,1140,IC,1,182,664,
201014312,10/22/2020 0:00,10/21/2020 0:00,2000,IC,10,1003,740,
200106631,2/7/2020 0:00,2/7/2020 0:00,1200,IC,1,195,624,500
211224541,12/4/2021 0:00,1/1/2020 0:00,800,IC,12,1249,805,400
200506685,3/3/2020 0:00,2/2/2020 0:00,1430,IC,5,502,341,
210918167,12/29/2021 0:00,12/1/2020 0:00,1200,IC,9,935,740,
200106636,2/7/2020 0:00,2/6/2020 0:00,1920,IC,1,128,740,
200106637,2/7/2020 0:00,2/7/2020 0:00,840,IC,1,176,745,
200407371,3/29/2020 0:00,3/28/2020 0:00,1300,IC,4,417,510,
201225728,12/4/2020 0:00,12/4/2020 0:00,820,AO,12,1255,236,307
200507574,3/24/2020 0:00,3/24/2020 0:00,1,IC,5,555,740,
211518649,12/11/2021 0:00,6/1/2020 0:00,1920,IC,15,1523,354,
200106644,2/7/2020 0:00,2/7/2020 0:00,1500,IC,1,119,946,
200614868,8/4/2020 0:00,7/11/2020 0:00,1714,AA,6,632,763,500
201317465,9/23/2020 0:00,9/23/2020 0:00,2100,AA,13,1383,230,307
200106652,2/7/2020 0:00,2/7/2020 0:00,1340,IC,1,119,860,400
211116499,12/16/2021 0:00,7/21/2020 0:00,630,IC,11,1163,740,
200106654,2/7/2020 0:00,2/7/2020 0:00,2045,IC,1,171,930,511
200112448,5/31/2020 0:00,5/29/2020 0:00,1700,IC,1,163,310,
211015677,12/15/2021 0:00,5/1/2020 0:00,1,IC,10,1033,860,400
221216052,7/7/2022 0:00,2/23/2020 0:00,1000,IC,12,1256,354,
211107406,4/9/2021 0:00,12/23/2020 0:00,1500,AO,11,1129,761,207
200407242,3/24/2020 0:00,3/24/2020 0:00,1815,IC,4,459,662,
200106663,2/7/2020 0:00,2/7/2020 0:00,1930,IC,1,162,442,
200106664,2/7/2020 0:00,2/7/2020 0:00,2110,IC,1,162,442,
200106665,2/7/2020 0:00,2/7/2020 0:00,1650,IC,1,162,442,
200106722,2/8/2020 0:00,2/8/2020 0:00,2000,IC,1,156,888,
200122696,12/23/2020 0:00,12/23/2020 0:00,940,IC,1,142,220,400
201310962,5/16/2020 0:00,5/16/2020 0:00,1450,IC,13,1309,740,
200120808,11/9/2020 0:00,11/9/2020 0:00,800,AO,1,171,341,
200817086,12/2/2020 0:00,11/16/2020 0:00,1100,AO,8,807,341,
200100708,3/23/2020 0:00,3/23/2020 0:00,1530,IC,1,111,624,400
200309072,3/26/2020 0:00,3/24/2020 0:00,400,IC,3,377,740,
200106681,2/7/2020 0:00,2/7/2020 0:00,2020,IC,1,156,740,
200715653,11/5/2020 0:00,11/5/2020 0:00,1600,IC,7,701,510,
200106683,2/8/2020 0:00,2/8/2020 0:00,400,IC,1,158,510,
201800651,4/10/2020 0:00,4/10/2020 0:00,1730,AO,18,1846,810,
200106688,2/8/2020 0:00,2/7/2020 0:00,1556,IC,1,135,946,
201109241,5/11/2020 0:00,5/8/2020 0:00,1500,IC,11,1172,420,
210104003,1/1/2021 0:00,12/31/2020 0:00,2230,IC,1,132,330,500
200312037,5/28/2020 0:00,5/27/2020 0:00,2110,IC,3,374,624,400
201308843,3/17/2020 0:00,3/17/2020 0:00,1915,IC,13,1385,753,109
220206045,2/17/2022 0:00,11/19/2020 0:00,900,IC,2,299,354,
200816363,11/13/2020 0:00,11/6/2020 0:00,836,IC,8,881,956,
200815583,10/22/2020 0:00,10/22/2020 0:00,1700,IC,8,857,310,
200109376,3/18/2020 0:00,3/16/2020 0:00,2250,AA,1,111,310,400
200106700,2/8/2020 0:00,2/8/2020 0:00,830,IC,1,153,901,
200709021,5/7/2020 0:00,5/6/2020 0:00,1730,AO,7,735,930,511
200106703,2/8/2020 0:00,2/6/2020 0:00,2210,IC,1,111,442,
200412940,9/19/2020 0:00,9/19/2020 0:00,1015,IC,4,466,624,400
200106709,2/8/2020 0:00,2/7/2020 0:00,1524,IC,1,128,740,
200106710,2/8/2020 0:00,2/8/2020 0:00,1215,IC,1,181,745,
200106713,2/9/2020 0:00,2/8/2020 0:00,1945,IC,1,159,510,
200106716,2/9/2020 0:00,2/8/2020 0:00,1920,IC,1,162,442,
200208099,3/15/2020 0:00,2/10/2020 0:00,145,IC,2,216,230,400
200816932,11/27/2020 0:00,11/27/2020 0:00,2240,AA,8,839,740,
200504818,1/19/2020 0:00,1/19/2020 0:00,300,AO,5,563,626,400
200617010,10/22/2020 0:00,10/1/2020 0:00,1400,IC,6,647,668,
201013217,9/18/2020 0:00,9/12/2020 0:00,1,IC,10,1017,820,400
200118253,9/20/2020 0:00,9/16/2020 0:00,1700,IC,1,135,420,
200106729,2/9/2020 0:00,2/9/2020 0:00,245,IC,1,152,624,400
211917100,12/27/2021 0:00,12/15/2020 0:00,1135,IC,19,1962,354,
221605629,2/21/2022 0:00,10/31/2020 0:00,2000,IC,16,1601,121,400
210918169,12/29/2021 0:00,6/21/2020 0:00,1,IC,9,943,354,
200106736,2/9/2020 0:00,2/9/2020 0:00,330,IC,1,142,901,
200311971,5/27/2020 0:00,5/27/2020 0:00,1000,IC,3,361,900,
200106739,2/9/2020 0:00,2/9/2020 0:00,1340,IC,1,111,510,
220705715,2/15/2022 0:00,8/15/2020 0:00,815,IC,7,762,354,
200916925,11/6/2020 0:00,11/6/2020 0:00,700,IC,9,981,440,
200109618,3/24/2020 0:00,3/24/2020 0:00,1845,IC,1,156,230,311
200109693,3/26/2020 0:00,3/5/2020 0:00,1145,IC,1,164,440,
201113027,8/29/2020 0:00,8/28/2020 0:00,2335,IC,11,1184,331,
200200503,1/2/2020 0:00,1/2/2020 0:00,720,IC,2,257,442,
200200504,1/2/2020 0:00,1/2/2020 0:00,1430,AA,2,285,236,207
200204015,1/1/2020 0:00,1/1/2020 0:00,250,IC,2,201,624,400
200204212,1/5/2020 0:00,1/4/2020 0:00,2000,IC,2,271,420,
211111654,8/7/2021 0:00,10/10/2020 0:00,2200,AO,11,1139,815,400
200200509,1/8/2020 0:00,1/8/2020 0:00,1,IC,2,218,210,400
200200511,1/9/2020 0:00,1/9/2020 0:00,1030,AA,2,245,230,200
200200512,1/11/2020 0:00,1/11/2020 0:00,1545,AA,2,251,210,200
200200515,1/14/2020 0:00,1/7/2020 0:00,130,IC,2,271,330,
200200516,1/14/2020 0:00,1/14/2020 0:00,1540,IC,2,279,740,
200200518,1/13/2020 0:00,1/13/2020 0:00,1800,AA,2,235,236,400
200200521,1/17/2020 0:00,1/17/2020 0:00,1040,IC,2,256,441,
211010923,8/4/2021 0:00,11/7/2020 0:00,930,AO,10,1017,860,400
200200526,1/18/2020 0:00,1/17/2020 0:00,1630,IC,2,257,740,
201012924,9/6/2020 0:00,9/6/2020 0:00,1930,IC,10,1007,310,
200200528,1/19/2020 0:00,1/19/2020 0:00,1300,IC,2,245,946,
200200529,1/19/2020 0:00,1/19/2020 0:00,2000,IC,2,211,740,
200200530,1/20/2020 0:00,1/20/2020 0:00,835,IC,2,205,888,
200200531,1/22/2020 0:00,1/20/2020 0:00,2230,AA,2,235,626,400
200200538,1/23/2020 0:00,1/23/2020 0:00,930,AA,2,245,740,
200200542,1/24/2020 0:00,1/24/2020 0:00,1150,AA,2,291,755,501
200200545,1/27/2020 0:00,1/27/2020 0:00,5,AA,2,245,230,500
200200548,1/29/2020 0:00,1/29/2020 0:00,1130,AO,2,245,230,312
200200551,1/30/2020 0:00,1/30/2020 0:00,1445,IC,2,269,420,
200200553,1/30/2020 0:00,1/30/2020 0:00,1430,AA,2,241,755,511
200200556,2/1/2020 0:00,2/1/2020 0:00,1220,IC,2,266,442,
200200560,2/2/2020 0:00,2/2/2020 0:00,1300,AA,2,256,230,308
200716147,11/19/2020 0:00,11/19/2020 0:00,1800,IC,7,729,210,102
200200562,2/5/2020 0:00,2/2/2020 0:00,1400,IC,2,269,627,301
200807585,3/22/2020 0:00,3/18/2020 0:00,1030,IC,8,833,440,
200204019,1/1/2020 0:00,1/1/2020 0:00,200,AA,2,246,230,223
200204021,1/1/2020 0:00,1/1/2020 0:00,950,IC,2,215,624,400
200204024,1/1/2020 0:00,1/1/2020 0:00,300,JA,2,251,745,
200709741,5/28/2020 0:00,5/28/2020 0:00,1453,IC,7,701,624,400
200204026,1/1/2020 0:00,1/1/2020 0:00,545,JA,2,237,220,200
200204027,1/1/2020 0:00,1/1/2020 0:00,540,IC,2,216,888,
200204029,1/1/2020 0:00,1/1/2020 0:00,1355,AO,2,212,740,
200204033,1/1/2020 0:00,1/1/2020 0:00,300,IC,2,246,210,400
200204034,1/1/2020 0:00,1/1/2020 0:00,400,IC,2,216,210,400
201005417,2/3/2020 0:00,2/1/2020 0:00,1,IC,10,1008,354,
210320795,12/28/2021 0:00,12/14/2020 0:00,2030,IC,3,363,354,
200311721,5/21/2020 0:00,5/20/2020 0:00,2230,IC,3,396,626,400
200204046,1/1/2020 0:00,1/1/2020 0:00,335,IC,2,216,740,
200204048,1/1/2020 0:00,1/1/2020 0:00,2150,IC,2,279,930,511
211415780,7/27/2021 0:00,10/1/2020 0:00,1,AO,14,1457,812,400
200204055,1/2/2020 0:00,1/1/2020 0:00,2200,IC,2,275,510,
200204056,1/2/2020 0:00,1/2/2020 0:00,200,AA,2,218,310,
200204060,1/2/2020 0:00,1/2/2020 0:00,800,IC,2,233,510,
200204066,1/2/2020 0:00,1/1/2020 0:00,10,IC,2,237,420,
200204070,1/2/2020 0:00,1/2/2020 0:00,1800,IC,2,237,624,400
200204072,1/2/2020 0:00,1/2/2020 0:00,1940,AO,2,247,122,200
200204073,1/2/2020 0:00,1/2/2020 0:00,1400,AA,2,295,210,400
201518783,12/18/2020 0:00,12/17/2020 0:00,2000,AA,15,1529,310,
200204077,1/2/2020 0:00,1/2/2020 0:00,1900,IC,2,246,648,
200409997,6/20/2020 0:00,6/20/2020 0:00,2035,IC,4,421,443,
200204080,1/2/2020 0:00,1/2/2020 0:00,1830,IC,2,275,930,511
200204081,1/2/2020 0:00,1/2/2020 0:00,2100,IC,2,261,930,511
200204083,1/2/2020 0:00,1/2/2020 0:00,1115,IC,2,269,330,
200204084,1/3/2020 0:00,1/2/2020 0:00,2300,IC,2,261,341,
200204086,1/2/2020 0:00,1/1/2020 0:00,2045,IC,2,245,745,
200204087,1/2/2020 0:00,1/2/2020 0:00,1125,IC,2,271,740,
221905893,2/15/2022 0:00,2/15/2020 0:00,1,IC,19,1962,956,
200204097,1/3/2020 0:00,1/3/2020 0:00,1000,IC,2,245,510,
200204100,1/3/2020 0:00,1/3/2020 0:00,822,IC,2,261,762,
200204168,1/4/2020 0:00,1/4/2020 0:00,2110,IC,2,219,624,400
200204105,1/3/2020 0:00,1/3/2020 0:00,710,IC,2,236,930,511
200204106,1/3/2020 0:00,1/3/2020 0:00,810,IC,2,265,350,
200204108,1/3/2020 0:00,1/3/2020 0:00,1230,AA,2,246,210,511
200204109,1/3/2020 0:00,1/2/2020 0:00,2100,IC,2,279,420,
200204112,1/2/2020 0:00,1/1/2020 0:00,1200,IC,2,261,740,
200204114,1/2/2020 0:00,1/1/2020 0:00,530,IC,2,218,664,
200204117,1/3/2020 0:00,1/3/2020 0:00,1100,AA,2,248,740,
200204122,1/3/2020 0:00,1/3/2020 0:00,1650,IC,2,257,510,
200204130,1/2/2020 0:00,1/1/2020 0:00,2200,IC,2,236,420,
200204131,1/3/2020 0:00,1/1/2020 0:00,2200,IC,2,245,420,
200406972,3/15/2020 0:00,2/29/2020 0:00,1200,AO,4,473,627,400
200204135,1/3/2020 0:00,1/3/2020 0:00,1635,IC,2,275,624,500
201509188,4/24/2020 0:00,4/22/2020 0:00,2030,AA,15,1555,310,
200204139,1/3/2020 0:00,1/2/2020 0:00,2330,IC,2,245,210,400
200204141,1/4/2020 0:00,1/4/2020 0:00,50,AA,2,261,230,109
200204142,1/4/2020 0:00,1/4/2020 0:00,50,AA,2,251,753,102
200204143,1/4/2020 0:00,1/3/2020 0:00,2200,IC,2,219,510,
200204145,1/3/2020 0:00,1/3/2020 0:00,1535,IC,2,221,625,400
200204149,1/4/2020 0:00,1/3/2020 0:00,1940,IC,2,216,420,
200517669,12/10/2020 0:00,12/7/2020 0:00,1100,IC,5,517,510,
200204152,1/4/2020 0:00,1/4/2020 0:00,1330,IC,2,212,420,
200204153,1/4/2020 0:00,1/3/2020 0:00,1900,IC,2,271,420,
200204154,1/4/2020 0:00,1/3/2020 0:00,2000,IC,2,246,420,
200204156,1/4/2020 0:00,1/4/2020 0:00,1340,IC,2,248,624,400
200204157,1/4/2020 0:00,1/3/2020 0:00,1900,IC,2,269,440,
200204159,1/4/2020 0:00,1/3/2020 0:00,1700,IC,2,237,420,
200204166,1/4/2020 0:00,1/3/2020 0:00,1930,IC,2,217,740,219
220125552,12/1/2022 0:00,11/16/2022 0:00,1615,CC,1,135,814,
200205165,1/24/2020 0:00,1/24/2020 0:00,2150,IC,2,236,210,101
200400544,1/19/2020 0:00,1/19/2020 0:00,1650,IC,4,424,230,103
200608371,3/26/2020 0:00,3/26/2020 0:00,1545,AO,6,648,210,105
200605219,1/27/2020 0:00,1/24/2020 0:00,1530,IC,6,645,820,108
200214852,9/10/2020 0:00,9/10/2020 0:00,1640,IC,2,238,753,110
202005347,1/30/2020 0:00,1/30/2020 0:00,200,IC,20,2071,210,111
201818440,10/7/2020 0:00,10/7/2020 0:00,845,IC,18,1802,761,112
201222486,10/13/2020 0:00,10/13/2020 0:00,310,AO,12,1241,210,114
201415556,8/15/2020 0:00,8/15/2020 0:00,900,IC,14,1437,210,115
221708330,5/2/2022 0:00,7/24/2021 0:00,2200,IC,17,1751,210,116
211222322,10/27/2021 0:00,10/27/2021 0:00,1745,IC,12,1219,230,117
211215967,7/18/2021 0:00,7/18/2021 0:00,1200,IC,12,1243,740,118
230305002,1/21/2023 0:00,1/19/2023 0:00,1800,IC,3,361,210,119
200713114,8/24/2020 0:00,8/24/2020 0:00,2230,IC,7,722,230,120
201320816,12/4/2020 0:00,12/3/2020 0:00,1250,AA,13,1371,761,121
201315209,8/8/2020 0:00,8/8/2020 0:00,830,AO,13,1333,230,122
200910433,6/3/2020 0:00,6/1/2020 0:00,1545,AA,9,963,230,123
222019291,12/16/2022 0:00,12/16/2022 0:00,1450,IC,20,2053,230,124
230713259,8/14/2023 0:00,8/11/2023 0:00,1300,AO,7,702,761,125
230119731,9/12/2023 0:00,9/12/2023 0:00,1405,IC,1,145,761,202
230114485,6/19/2023 0:00,6/19/2023 0:00,1617,IC,1,152,761,203
231206388,2/8/2023 0:00,2/8/2023 0:00,1600,IC,12,1256,236,205
230208535,4/4/2023 0:00,4/4/2023 0:00,2315,IC,2,218,230,206
200118018,9/16/2020 0:00,9/16/2020 0:00,125,AO,1,161,761,209
202100629,3/9/2020 0:00,3/9/2020 0:00,1900,AA,21,2105,210,210
201910908,6/13/2020 0:00,6/13/2020 0:00,930,AA,19,1994,761,211
201404319,1/5/2020 0:00,1/5/2020 0:00,1500,AO,14,1406,761,213
201421376,12/8/2020 0:00,12/8/2020 0:00,2200,AA,14,1435,230,217
202014779,9/17/2020 0:00,9/17/2020 0:00,733,IC,20,2031,624,220
210316232,9/21/2021 0:00,9/19/2021 0:00,1630,AO,3,375,210,300
211220822,10/3/2021 0:00,10/3/2021 0:00,2100,AO,12,1213,230,303
210608108,4/9/2021 0:00,4/8/2021 0:00,700,IC,6,648,745,305
212017581,11/28/2021 0:00,11/27/2021 0:00,1830,IC,20,2039,230,309
210915169,10/10/2021 0:00,10/6/2021 0:00,1625,IC,9,937,230,310
211905445,2/11/2021 0:00,2/11/2021 0:00,140,AA,19,1918,230,502
210115072,8/12/2021 0:00,8/7/2021 0:00,2230,AO,1,164,230,503
210600518,3/13/2021 0:00,3/13/2021 0:00,2200,IC,6,646,231,505
210116641,9/11/2021 0:00,9/11/2021 0:00,130,AO,1,185,230,507
221405660,1/24/2022 0:00,1/24/2022 0:00,1220,IC,14,1453,761,508
220200522,1/26/2022 0:00,1/26/2022 0:00,1945,AO,2,238,122,509
220620665,12/27/2022 0:00,12/23/2022 0:00,1900,AA,6,615,236,510
221207970,3/13/2022 0:00,3/13/2022 0:00,1645,AA,12,1268,761,513
221012146,7/28/2022 0:00,7/28/2022 0:00,900,AO,10,1028,236,514
221415353,8/16/2022 0:00,8/15/2022 0:00,1130,AA,14,1412,230,516
