dr_no,age,sex,vic_descent,lat,lon,loc,cross_street
10304468,36,F,B,34.0141,-118.2978,1100 W 39TH PL,
190101086,25,M,H,34.0459,-118.2545,700 S HILL ST,
200110444,0,X,X,34.0448,-118.2474,200 E 6TH ST,
191501505,76,F,W,34.1685,-118.4019,5400 CORTEEN PL,
191921269,31,X,X,34.2198,-118.4468,14400 TITUS ST,
200100501,25,F,H,34.0452,-118.2534,700 S BROADWAY,
200100502,23,M,H,34.0483,-118.2631,700 S FIGUEROA ST,
200100504,0,X,X,34.0448,-118.2474,200 E 6TH ST,
200100507,23,M,B,34.0677,-118.2398,700 BERNARD ST,
201710201,0,X,X,34.2864,-118.5021,11900 BALBOA BL,
200100509,29,M,A,34.0359,-118.2648,15TH,OLIVE
200100510,35,M,O,34.0615,-118.2412,800 N ALAMEDA ST,
200100514,41,M,A,34.0452,-118.2569,800 S OLIVE ST,
200100515,0,X,X,34.048,-118.2577,700 W 7TH ST,
200100520,24,F,H,34.0515,-118.2424,100 S LOS ANGELES ST,
211916029,24,F,H,34.3055,-118.4439,14200 BERG ST,
201116159,34,F,H,34.1186,-118.245,3200 W AVENUE 32,
200506268,29,F,W,33.7926,-118.3043,PACIFIC COAST,VERMONT
210916801,46,M,B,34.1857,-118.4574,14700 FRIAR ST,
200100535,66,M,B,34.0463,-118.255,7TH,HILL
200100546,62,M,A,34.0428,-118.2461,600 SAN JULIAN ST,
211015072,34,F,B,34.1745,-118.5383,18600 COLLINS ST,
201106067,43,M,A,34.1179,-118.293,2700 N VERMONT AV,
200100552,71,M,W,34.0578,-118.2371,ALAMEDA,LOS ANGELES
200815333,50,F,W,34.0701,-118.4679,100 S ACARI DR,
200100556,19,F,B,34.0542,-118.2566,300 S FIGUEROA ST,
200100559,51,M,W,34.0583,-118.2378,700 N MAIN ST,
210816993,27,M,W,34.0507,-118.3762,8500 CASHIO ST,
201111990,33,F,H,34.1186,-118.245,3200 W AVENUE 32,
200117988,0,,,34.0615,-118.247,500 N FIGUEROA ST,
200100568,69,M,B,34.0428,-118.2461,6TH,SAN JULIAN
200100578,52,M,H,34.0456,-118.254,7TH ST,BROADWAY
200100583,38,F,H,34.0467,-118.247,200 WINSTON ST,
200100584,55,M,W,34.0487,-118.2588,700 S FLOWER ST,
221412410,0,,,33.9876,-118.4489,13600 MARINA POINT DR,
200100587,66,F,A,34.0431,-118.2536,8TH,SPRING
200218458,34,M,W,34.0708,-118.2798,2500 BEVERLY BL,
201225288,50,F,B,33.9698,-118.2833,500 W 77TH ST,
200104036,18,F,B,34.0563,-118.2374,800 N ALAMEDA ST,
200104038,57,M,B,34.0401,-118.2459,7TH,SAN PEDRO
200104039,55,M,H,34.0487,-118.2588,800 W 7TH ST,
200104041,23,M,A,34.032,-118.2657,HILL,WASHINGTON
200104043,55,M,H,34.0561,-118.2415,ALISO,SPRING
200321450,54,F,W,34.0261,-118.3384,3000 WELLINGTON RD,
200104047,0,X,X,34.0488,-118.2518,500 S HILL ST,
200104048,0,X,X,34.0488,-118.2518,500 S HILL ST,
200104051,22,F,A,34.0487,-118.2627,800 FRANCISCO ST,
200104054,28,M,B,34.0495,-118.2458,WALL,5TH ST
200812213,42,F,W,34.0346,-118.3857,2800 S BEDFORD ST,
200104057,43,M,B,34.0424,-118.2493,7TH,LOS ANGELES
200104058,46,M,H,34.0485,-118.2447,LOS ANGELES ST,2ND ST
200104060,56,F,O,34.0467,-118.252,600 S SPRING ST,
200104063,55,F,O,34.0462,-118.2585,600 W 9TH ST,
200104065,55,M,H,34.0639,-118.2306,300 E ANN ST,
200104066,0,X,X,34.0444,-118.2593,9TH ST,GRAND AV
200104069,0,X,X,34.0623,-118.2383,800 N BROADWAY,
200104073,0,,,34.0488,-118.25,400 S SPRING ST,
200104075,67,M,B,34.0421,-118.2469,400 E 7TH ST,
200104076,57,M,B,34.0481,-118.2507,300 W 5TH ST,
200104077,37,F,H,34.0317,-118.2641,1800 S MAIN ST,
200104078,0,X,X,34.0473,-118.2566,600 W 7TH ST,
200104082,60,M,O,34.0449,-118.2528,7TH,SPRING
200104090,0,M,H,34.048,-118.2577,700 W 7TH ST,
200104092,51,M,O,34.0635,-118.2426,700 ALPINE ST,
200918185,52,F,W,34.1837,-118.4465,6200 SYLMAR AV,
200104098,61,M,W,34.0467,-118.2485,100 E 5TH ST,
200104101,38,M,B,34.0569,-118.254,100 S FIGUEROA ST,
200104118,36,F,B,34.0445,-118.2367,800 E 4TH PL,
200104120,59,M,H,34.0395,-118.2405,1200 E 7TH ST,
200104126,32,M,H,34.0487,-118.2588,700 S FLOWER ST,
200104127,44,F,B,34.048,-118.2438,300 E 3RD ST,
200104129,60,F,W,34.0522,-118.2434,1ST,MAIN
210121427,24,F,W,34.0607,-118.2494,900 W TEMPLE ST,
200104132,31,M,W,34.0402,-118.2633,1200 S GRAND AV,
200104135,30,M,W,34.053,-118.2513,300 S GRAND AV,
200104136,50,M,B,34.039,-118.24,600 S CENTRAL AV,
201815332,50,F,B,33.9425,-118.2781,10300 S BROADWAY,
200104138,40,M,H,34.0586,-118.2402,600 N BROADWAY,
200104139,34,M,O,34.0487,-118.2588,800 W 7TH ST,
200104140,34,F,B,34.0395,-118.2656,1300 S HOPE ST,
200104141,45,M,O,34.0487,-118.2588,700 S FLOWER ST,
200104150,62,M,B,34.0377,-118.2425,7TH ST,KOHLER
200516527,0,,,33.8129,-118.3071,23400 PRESIDENT AV,
200609101,0,,,34.1017,-118.3136,5700 HOLLYWOOD BL,
200104187,20,F,H,34.048,-118.2577,700 W 7TH ST,
211422362,31,F,B,34.0081,-118.4512,13100 LAKE ST,
200104192,0,X,X,34.0522,-118.2434,100 W 1ST ST,
211304982,15,F,H,33.9842,-118.2789,300 W 61ST ST,
200104201,51,M,H,34.053,-118.2513,3RD,GRAND
200104204,23,M,B,34.0446,-118.249,6TH,MAIN
200104205,29,M,B,34.0515,-118.2424,1ST,LOS ANGELES
200104208,58,M,B,34.0363,-118.2677,1600 S HOPE ST,
200104209,24,M,H,34.0491,-118.2558,600 W 7TH ST,
200104221,51,F,B,34.0421,-118.2469,600 S SAN PEDRO ST,
200104222,41,F,B,34.051,-118.2445,100 W 2ND ST,
200104223,32,M,W,34.0467,-118.2485,100 E 5TH ST,
200104224,23,M,H,34.048,-118.2577,700 W 7TH ST,
200104227,35,M,W,34.048,-118.2577,700 W 7TH ST,
200104228,28,M,H,34.0433,-118.2377,4TH,SEATON
200104230,0,,,34.0473,-118.2566,700 S GRAND AV,
200104231,58,M,H,34.0435,-118.2427,5TH,CROCKER
200104233,57,M,W,34.0471,-118.2474,100 E 5TH ST,
200104234,27,F,H,34.051,-118.2445,100 W 2ND ST,
200104235,30,F,H,34.0403,-118.2308,PALMETTO,E SANTA FE
200104236,30,M,B,34.0483,-118.2631,800 JAMES M WOOD BL,
200104237,31,M,B,34.0384,-118.2646,GRAND,S PICO
200104238,0,X,X,34.0389,-118.2643,GRAND,W PICO
200409682,24,F,H,34.078,-118.2181,200 N AVENUE 25,
200706211,29,F,H,34.0677,-118.3548,6000 W 6TH ST,
210704711,47,F,A,34.0339,-118.3747,6000 COMEY AV,
200104244,48,F,B,34.0446,-118.245,500 SAN JULIAN ST,
200815521,32,F,O,34.042,-118.4531,1600 BARRY AV,
200317571,23,M,B,34.0215,-118.3393,OBAMA BL,VIRGINIA RD
200306227,0,,,34.0073,-118.298,43RD ST,MENLO
200514277,46,F,H,33.7478,-118.2822,200 W AMAR ST,
200104268,40,F,H,34.0615,-118.2412,100 PASEO DE LA PLAZA,
200104269,57,F,O,34.0437,-118.2455,500 S SAN PEDRO ST,
200104270,32,M,H,34.0357,-118.2593,1300 S LOS ANGELES ST,
200816200,58,M,W,34.0561,-118.3784,1200 S HOLT AV,
201821270,25,F,H,33.952,-118.2446,9400 MAIE AV,
200104275,0,X,X,34.0483,-118.2631,800 S FIGUEROA ST,
200104276,18,M,H,34.0563,-118.2374,800 N ALAMEDA ST,
200104277,25,M,O,34.0364,-118.2303,JESSE ST,SANTA FE
200104279,0,X,X,34.048,-118.2577,700 W 7TH ST,
200104281,37,F,W,34.0437,-118.2455,500 S SAN PEDRO ST,
200400694,23,M,H,34.0707,-118.2103,2200 THOMAS ST,
200104283,0,X,X,34.048,-118.2577,700 W 7TH ST,
200104284,67,M,O,34.0482,-118.2472,100 E 4TH ST,
200104285,26,M,H,34.046,-118.2509,600 S SPRING ST,
200104286,47,M,H,34.0487,-118.2588,700 S FLOWER ST,
200104287,21,F,H,34.0563,-118.2374,800 N ALAMEDA ST,
200104289,26,F,C,34.046,-118.2509,600 S SPRING ST,
200104291,64,M,H,34.0449,-118.2528,7TH,SPRING ST
200104292,26,F,W,34.0652,-118.2451,900 NEW DEPOT ST,
200104293,31,F,B,34.0713,-118.2291,400 CASANOVA ST,
200104300,39,M,O,34.0488,-118.2553,600 S GRAND AV,
200815782,35,F,W,34.0387,-118.4366,SEPULVEDA,TENNESSEE
200104302,25,F,F,34.0467,-118.252,500 S SPRING ST,
200104303,0,,,34.0435,-118.2471,600 WALL ST,
200104310,28,M,H,34.064,-118.2375,900 N BROADWAY,
200815680,33,M,O,34.0509,-118.4459,1400 S BENTLEY AV,
200104313,75,M,B,34.0446,-118.245,5TH ST,SAN JULIAN ST
211614109,0,,,34.2219,-118.3814,11400 PENROSE ST,
200104316,32,F,W,34.0467,-118.2556,700 S OLIVE ST,
200104319,0,X,X,34.0515,-118.2424,100 N LOS ANGELES ST,
200104320,0,M,B,34.0446,-118.249,6TH ST,LOS ANGELES
200104321,30,F,A,34.0407,-118.2541,900 S LOS ANGELES ST,
200812231,44,M,W,34.0567,-118.4055,1100 ROXBURY DR,
200104323,28,M,W,34.0433,-118.2504,LOS ANGELES ST,6TH ST
200104325,26,F,W,34.0409,-118.2574,1000 S BROADWAY,
200104326,56,M,H,34.0401,-118.2668,FLOWER,PICO
200104327,0,X,X,34.0563,-118.2374,800 N ALAMEDA ST,
200104328,35,F,W,34.046,-118.2509,200 W 6TH ST,
200104329,28,F,H,34.0503,-118.2504,HILL,3RD
200104330,19,M,W,34.0563,-118.2374,800 N ALAMEDA ST,
200104331,43,F,B,34.0442,-118.2439,500 S SAN PEDRO ST,
200104333,0,X,X,34.0563,-118.2374,800 N ALAMEDA ST,
200405489,12,F,H,34.0445,-118.2116,200 N SOTO ST,
200104336,43,M,H,34.0377,-118.2621,HILL,PICO
200104337,59,M,B,34.0452,-118.2534,700 S BROADWAY,
200104339,34,F,B,34.0366,-118.2643,1400 S OLIVE ST,
200104340,38,M,B,34.0317,-118.2641,1800 S MAIN ST,
200104351,37,M,B,34.0494,-118.2599,700 S FIGUEROA ST,
200104352,0,,,34.046,-118.2509,SPRING ST,5TH ST
220314085,27,F,B,34.0335,-118.3537,2500 S SYCAMORE AV,
200104360,61,X,X,34.047,-118.2526,6TH ST,BROADWAY
210804296,49,M,O,34.1114,-118.4245,2200 SAN YSIDRO DR,
200104369,22,M,H,34.0527,-118.2398,COMMERCIAL ST,LOS ANGELES
200104372,43,F,W,34.0586,-118.2402,600 N BROADWAY,
200104377,71,M,B,34.0438,-118.2547,8TH,BROADWAY
200104379,71,M,A,34.0563,-118.2374,800 N ALAMEDA ST,
200104381,0,,,34.0387,-118.2335,2000 E 7TH ST,
200104382,55,M,W,34.0487,-118.2588,700 S FLOWER ST,
200104385,19,F,W,34.0433,-118.2381,4TH,ALAMEDA
200104389,68,F,W,34.0474,-118.2496,W 5TH ST,S SPRING ST
200104390,38,F,H,34.0462,-118.2585,800 S HILL ST,
200104392,48,M,B,34.0474,-118.2531,6TH,HILL
200104393,69,F,W,34.0407,-118.2468,7TH,SAN PEDRO
210916323,14,F,H,34.1867,-118.4422,6400 CALHOUN AV,
211015836,37,M,H,34.1994,-118.4837,7100 WOODLEY AV,
200716179,26,M,H,34.0747,-118.3563,100 THE GROVE DR,
200104406,50,F,H,34.0569,-118.254,100 S FIGUEROA ST,
200104408,13,M,B,34.0509,-118.2585,600 S FIGUEROA ST,
200104410,61,M,H,34.0329,-118.2632,100 E 17TH ST,
200104411,0,,,34.043,-118.2606,1000 S GRAND AV,
201106871,50,M,H,34.1241,-118.1878,6100 DELPHI ST,
200104414,26,M,W,34.0473,-118.2566,700 S GRAND AV,
200104416,26,F,H,34.0495,-118.2494,400 S BROADWAY,
200104417,26,F,H,34.0423,-118.2666,1200 S FIGUEROA ST,
200104419,45,M,H,34.0483,-118.2631,700 S FIGUEROA ST,
200104420,36,F,H,34.0452,-118.2569,8TH,OLIVE
201216796,45,F,B,33.98,-118.3177,65TH ST,VAN NESS AV
200104422,24,M,W,34.037,-118.2651,14TH,OLIVE
200618970,0,M,X,34.0862,-118.3064,900 N SERRANO AV,
200104429,0,M,W,34.0569,-118.2385,00 OLVERA ST,
200104430,50,M,W,34.0494,-118.2599,7TH ST,FIGUEROA
200104431,25,F,H,34.051,-118.248,300 S BROADWAY,
200104432,27,M,W,34.051,-118.248,300 S BROADWAY,
201822182,10,F,H,33.9297,-118.2335,2200 E 115TH ST,
200104435,33,M,A,34.0438,-118.2397,4TH ST,CENTRAL
200104440,53,M,B,34.0415,-118.2654,12TH,FLOWER
200104443,38,F,W,34.0408,-118.2511,8TH ST,MAPLE
200104444,23,M,W,34.0387,-118.2576,11TH ST,MAIN ST
200104449,74,M,B,34.0453,-118.2443,300 E 5TH ST,
200104450,0,X,X,34.0435,-118.2471,6TH,WALL
200104451,0,X,X,34.0522,-118.2434,1ST ST,MAIN ST
200104452,23,M,H,34.0363,-118.2672,200 W WASHINGTON BL,
200104455,26,F,B,34.0483,-118.2631,800 JAMES M WOOD BL,
200104456,0,X,X,34.0491,-118.2558,400 W 7TH ST,
200104459,23,M,B,34.0431,-118.2692,1100 S FIGUEROA ST,
200816519,49,F,O,34.0571,-118.4978,13500 D ESTE DR,
200104462,57,M,W,34.0479,-118.2612,900 W 8TH ST,
200104466,40,F,B,34.0439,-118.2479,6TH ST,MAPLE
200104470,25,F,H,34.0498,-118.24,300 E 2ND ST,
220404852,0,M,H,34.0711,-118.1643,2200 LILLYVALE AV,
200104474,34,F,B,34.0487,-118.2588,700 S FLOWER ST,
200104475,35,M,W,34.0433,-118.2377,400 SEATON ST,
200104476,38,M,B,34.0714,-118.2329,1000 N BROADWAY,
200104477,29,F,B,34.0635,-118.2313,1300 MAGDALENA ST,
200104488,24,M,B,34.0551,-118.2323,00 GATEWAY PLAZA DR,
200104489,26,F,H,34.048,-118.256,600 WILSHIRE BL,
200517465,0,X,X,33.7379,-118.2814,600 S PALOS VERDES ST,
200104498,56,M,W,34.053,-118.2444,1ST,SPRING ST
200104499,26,M,W,34.0617,-118.2469,500 N FIGUEROA ST,
200104500,47,M,B,34.0481,-118.2507,5TH ST,BROADWAY
200104501,29,F,H,34.0457,-118.2665,GEORGIA ST,WEST RD
200104503,29,M,H,34.0431,-118.2692,1100 S FIGUEROA ST,
200104505,0,X,X,34.048,-118.2577,700 W 7TH ST,
221004913,45,F,W,34.166,-118.5033,5200 GENESTA AV,
200104511,38,M,B,34.0474,-118.2496,500 S SPRING ST,
200104513,0,,,34.0652,-118.2468,ALPINE ST,CENTENNIAL ST
200104522,32,M,W,34.048,-118.2577,700 W 7TH ST,
200104524,30,M,W,34.042,-118.2625,12TH ST,WALL ST
200104526,62,F,W,34.0467,-118.2485,100 E 5TH ST,
200104527,71,M,H,34.0453,-118.2443,300 E 5TH ST,
200104534,53,M,B,34.0449,-118.2458,500 WALL ST,
200104545,31,M,B,34.0389,-118.2643,PICO BL,GRAND
200709456,53,F,W,34.0443,-118.3538,1800 S COCHRAN AV,
200104547,0,M,O,34.0423,-118.2631,1100 S HOPE ST,
200104548,49,M,A,34.0436,-118.2354,400 S HEWITT ST,
200104549,38,M,B,34.0458,-118.243,4TH ST,WALL
200104550,55,M,W,34.0421,-118.2469,600 S SAN PEDRO ST,
200104551,43,M,H,34.0393,-118.2689,1400 S FIGUEROA ST,
211613998,64,F,W,34.2719,-118.3592,10500 WOLDRICH ST,
200104556,56,M,O,34.0453,-118.2443,300 E 5TH ST,
200104558,34,M,B,34.0433,-118.2504,7TH,LOS ANGELES
200104573,30,M,B,34.0473,-118.2425,400 E 3RD ST,
200104576,35,M,A,34.0483,-118.2631,700 S FIGUEROA ST,
200104577,0,,,34.0372,-118.2694,VENICE,FLOWER
200104578,36,M,W,34.0493,-118.2418,200 S SAN PEDRO ST,
200104579,25,F,W,34.0628,-118.2395,800 N HILL ST,
200104580,67,M,W,34.0491,-118.2558,600 W 7TH ST,
200104582,37,M,W,34.0433,-118.2504,700 S LOS ANGELES ST,
200101185,57,M,B,34.044,-118.2528,700 S SPRING ST,
200104584,40,M,H,34.0462,-118.2585,800 S HILL ST,
201014375,0,M,W,34.1939,-118.536,6800 RESEDA BL,
200104588,59,F,A,34.0563,-118.2374,800 N ALAMEDA ST,
200104590,34,M,B,34.0481,-118.2507,500 S BROADWAY,
200104594,20,M,H,34.0509,-118.2585,600 S FIGUEROA ST,
200104598,69,F,A,34.0695,-118.2324,400 SAVOY ST,
200104603,0,X,X,34.0563,-118.2374,800 N ALAMEDA ST,
200106170,0,M,O,34.0522,-118.2434,100 W 1ST ST,
200104609,58,F,W,34.0563,-118.2374,800 N ALAMEDA ST,
200104613,33,F,H,34.042,-118.2625,900 S HILL ST,
200104616,28,F,K,34.0345,-118.266,W 17TH ST,S HILL ST
200104617,31,M,B,34.0473,-118.2566,700 S GRAND AV,
200104619,38,M,C,34.0493,-118.2418,200 S SAN PEDRO ST,
200604186,0,X,X,34.1039,-118.3318,6500 YUCCA ST,
200218333,25,F,W,34.0609,-118.2823,WILSHIRE,RAMPART
200610130,0,X,X,34.098,-118.3416,7000 W SUNSET BL,
200320020,25,M,B,34.0153,-118.3045,3900 DENKER AV,
200104657,34,F,H,34.0583,-118.2378,700 N MAIN ST,
200104658,41,M,H,34.0487,-118.2571,700 WILSHIRE BL,
200104660,49,F,O,34.0445,-118.2558,400 W 8TH ST,
200104663,20,F,H,34.048,-118.2577,700 W 7TH ST,
200104664,45,F,B,34.0449,-118.2458,500 WALL ST,
200104670,30,F,W,34.0446,-118.249,6TH,LOS ANGELES
200104673,27,F,W,34.0502,-118.2574,600 S FLOWER ST,
200104674,38,M,B,34.0503,-118.2433,200 S LOS ANGELES ST,
200104682,32,M,W,34.0511,-118.2608,1000 WILSHIRE BL,
200104683,39,F,W,34.0419,-118.2523,E 8TH ST,S LOS ANGELES ST
201610902,35,F,O,34.2309,-118.3727,8700 SUNLAND BL,
200104691,64,F,W,34.0623,-118.2383,ALPINE ST,BROADWAY ST
200104696,57,M,B,34.0428,-118.2461,6TH,SAN JULIAN
200104697,34,F,W,34.0493,-118.2418,300 E 2ND ST,
200104700,29,M,W,34.0423,-118.2561,900 S BROADWAY,
200104702,0,X,X,34.0395,-118.2656,1300 S HOPE ST,
200104703,27,M,W,34.0536,-118.2313,700 CENTER ST,
200104704,0,X,X,34.0493,-118.2418,300 E 2ND ST,
200104706,17,M,H,34.0673,-118.2354,COTTAGE HOME ST,N BROADWAY
200104708,17,M,H,34.0673,-118.2354,COTTAGE HOME ST,N BROADWAY
212017732,26,F,W,34.0726,-118.3029,100 S NORMANDIE AV,
200104711,32,F,H,34.0487,-118.2588,7TH ST,HOPE ST
200104713,53,M,B,34.0467,-118.2485,500 S MAIN ST,
200104715,0,,,34.0391,-118.2384,FACTORY PL,ALAMEDA ST
211115965,0,M,O,34.0888,-118.2596,2200 W FOX LN,
200104717,46,F,O,34.0433,-118.2381,400 S ALAMEDA ST,
200104718,55,F,B,34.0481,-118.2507,5TH ST,BROADWAY
200104719,33,M,B,34.0416,-118.262,GRAND ST,OLYMPIC
211204915,0,X,X,33.9703,-118.2783,7600 S BROADWAY,
200104721,0,,,34.0398,-118.2413,600 CERES AV,
211613989,33,M,H,34.2276,-118.3955,11700 PENDLETON ST,
200104726,27,M,A,34.0452,-118.2569,800 S OLIVE ST,
200104727,48,M,H,34.051,-118.248,300 S BROADWAY,
200312028,60,F,H,34.0271,-118.3585,2900 S REDONDO BL,
200104734,0,,,34.0434,-118.2349,4TH ST,4TH PL
200104735,30,M,A,34.0503,-118.2433,2ND ST,LOS ANGELES
200205570,0,,,34.0574,-118.2747,WESTLAKE,WILSHIRE
200104736,45,F,H,34.038,-118.243,CERES AV,7TH ST
200105331,54,M,H,34.0532,-118.2425,200 N MAIN ST,
200104737,26,M,H,34.0454,-118.236,HEWITT,TRACTION
200104738,26,M,H,34.0454,-118.236,HEWITT,TRACTION
200104739,28,F,W,34.045,-118.264,800 W OLYMPIC BL,
200104740,36,M,H,34.0353,-118.2698,1800 S FLOWER ST,
200104741,0,M,H,34.0439,-118.2514,700 S MAIN ST,
200104742,33,F,W,34.0437,-118.2582,OLIVE,9TH
200104743,27,M,W,34.0481,-118.2542,500 W 6TH ST,
200104744,0,M,W,34.0615,-118.2412,700 N ALAMEDA ST,
200104745,0,M,W,34.0395,-118.2656,1300 S HOPE ST,
200104749,48,M,W,34.0438,-118.2416,600 E 5TH ST,
200104750,0,M,W,34.0481,-118.2507,5TH,BROADWAY
200104752,28,F,B,34.0416,-118.2398,500 CERES AV,
200104754,58,F,B,34.0461,-118.2476,LOS ANGELES,5TH ST
200104755,51,M,W,34.0437,-118.2455,500 S SAN PEDRO ST,
200104759,64,F,A,34.0493,-118.2418,200 S SAN PEDRO ST,
200104761,32,M,H,34.0467,-118.2485,500 S MAIN ST,
200104762,32,M,O,34.0393,-118.2689,1400 S FIGUEROA ST,
200104763,0,,,34.0713,-118.2291,400 CASANOVA ST,
200104765,39,M,H,34.0309,-118.2618,1600 SANTEE ST,
200104766,38,M,H,34.0627,-118.2463,600 N FIGUEROA ST,
200104768,29,M,W,34.0444,-118.2628,1000 S FLOWER ST,
200104769,38,M,W,34.0586,-118.2402,CESAR E CHAVEZ,SPRING
200104770,20,M,W,34.0453,-118.2443,300 E 5TH ST,
200104772,57,M,B,34.0509,-118.2585,600 S FIGUEROA ST,
200615995,0,X,X,34.098,-118.3335,6600 W SUNSET BL,
200104774,65,F,H,34.0488,-118.2518,500 S HILL ST,
200104775,22,F,W,34.0474,-118.2496,5TH,SPRING
200106431,67,M,B,34.0416,-118.255,900 S MAIN ST,
200212656,37,F,W,34.0868,-118.2991,900 N MARIPOSA AV,
200104800,22,M,H,34.0552,-118.2322,500 RAMIREZ ST,
200104806,0,M,O,34.0563,-118.2374,800 N ALAMEDA ST,
200104808,30,M,H,34.0563,-118.2374,800 N ALAMEDA ST,
200104810,30,F,W,34.0473,-118.2566,600 W 7TH ST,
200406875,46,F,H,34.0811,-118.1614,3100 SHEFFIELD AV,
200109519,0,X,X,34.0446,-118.2507,100 E 7TH ST,
200104813,65,M,H,34.0674,-118.2468,900 N BEAUDRY AV,
200104814,28,M,O,34.0461,-118.2476,500 S LOS ANGELES ST,
200104815,41,F,B,34.0442,-118.2439,500 S SAN PEDRO ST,
210716223,35,F,B,34.0433,-118.3418,1700 S RIMPAU BL,
200104817,28,F,H,34.0431,-118.2692,1100 S FIGUEROA ST,
200104818,35,F,H,34.0582,-118.2387,600 N SPRING ST,
200104819,35,M,W,34.0467,-118.2485,100 E 5TH ST,
200104820,38,M,B,34.0435,-118.2365,400 COLYTON ST,
200104821,32,F,H,34.043,-118.2641,FLOWER,OLYMPIC
200104822,39,F,H,34.0467,-118.252,600 S SPRING ST,
200104823,57,M,W,34.0431,-118.2692,1100 S FIGUEROA ST,
200104826,56,M,B,34.0376,-118.2594,1200 S MAIN ST,
200104827,29,F,B,34.0437,-118.2455,500 S SAN PEDRO ST,
200104829,29,M,H,34.0533,-118.2379,600 N ALAMEDA ST,
210620323,36,M,B,34.0858,-118.3118,5300 MONROE ST,
200918367,45,M,H,34.1976,-118.4574,14600 VANOWEN ST,
200815435,0,X,X,34.0409,-118.4609,1500 BROCKTON AV,
200104835,47,F,H,34.0591,-118.2412,600 N HILL ST,
200104836,30,M,H,34.0504,-118.2409,100 JUDGE JOHN AISO ST,
201007153,45,F,H,34.212,-118.5579,19500 INGOMAR ST,
200104842,34,F,W,34.0473,-118.2566,700 S GRAND AV,
200104843,57,F,B,34.0446,-118.249,200 E 6TH ST,
200104844,45,M,B,34.0412,-118.2436,6TH ST,CROCKER
210415505,30,M,H,34.097,-118.1695,4400 VAN HORNE AV,
200104847,28,F,W,34.0462,-118.2585,800 S HILL ST,
200104848,62,M,H,34.0467,-118.252,200 W 7TH ST,
200104849,21,F,H,34.0491,-118.2558,600 W 7TH ST,
200104850,27,M,H,34.0481,-118.2542,600 S OLIVE ST,
200104851,26,F,O,34.046,-118.2509,600 S SPRING ST,
200104853,26,F,H,34.0473,-118.2566,7TH ST,GRAND AV
200104857,0,,,34.0351,-118.2672,17TH ST,GRAND AV
210817239,51,F,W,34.0649,-118.4372,10500 WILSHIRE BL,
200104860,29,M,B,34.0473,-118.2566,700 S GRAND AV,
200104861,23,M,H,34.048,-118.2577,700 W 7TH ST,
200104863,38,F,H,34.0454,-118.2657,900 W OLYMPIC BL,
200104865,27,M,H,34.0479,-118.2612,800 S FIGUEROA ST,
200104866,37,F,H,34.0458,-118.243,SAN PEDRO ST,4TH ST
200104868,35,M,B,34.0478,-118.2454,200 BOYD ST,
200104869,60,M,H,34.0495,-118.2529,5TH,OLIVE
201821779,28,F,H,33.9406,-118.237,2000 E 105TH ST,
200104872,26,M,B,34.0384,-118.2571,200 E 11TH ST,
200104873,36,M,B,34.0586,-118.2402,600 N BROADWAY,
200104874,45,M,H,34.0437,-118.2617,1000 S HOPE ST,
200104875,0,X,X,34.0457,-118.2665,1000 S FIGUEROA ST,
200104879,0,X,X,34.0473,-118.2566,600 W 7TH ST,
200104880,20,F,X,34.0452,-118.2569,800 S OLIVE ST,
200508173,0,X,X,33.7783,-118.2782,FRIGATE,G
200204368,19,X,X,34.0517,-118.2798,1000 S ALVARADO ST,
200105009,27,M,H,34.0547,-118.2505,100 S HILL ST,
200104881,46,F,W,34.0428,-118.2461,6TH ST,WALL ST
200104884,44,M,B,34.0431,-118.2692,1100 S FIGUEROA ST,
200104885,26,M,W,34.0502,-118.254,600 W 5TH ST,
200104886,22,F,A,34.051,-118.248,300 S BROADWAY,
200104887,32,M,H,34.0607,-118.2405,ORD,BROADWAY
200104895,0,,,34.068,-118.2359,COTTAGE HOME,DOYLE PL
200104896,0,X,X,34.0532,-118.2425,200 N MAIN ST,
200104903,40,F,O,34.042,-118.2625,900 S HILL ST,
200104911,0,M,O,34.0421,-118.2469,600 S SAN PEDRO ST,
211224410,63,M,W,33.9691,-118.3309,3400 W 78TH ST,
200104921,57,M,H,34.0551,-118.2323,00 GATEWAY PLAZA DR,
200104922,61,M,B,34.0563,-118.2374,800 N ALAMEDA ST,
200104924,39,F,H,34.051,-118.248,300 S BROADWAY,
220605303,28,M,W,34.0908,-118.3012,1100 N ARDMORE AV,
200104928,22,M,B,34.0402,-118.2684,FIGUEROA,PICO
200104934,35,M,B,34.048,-118.2577,700 W 7TH ST,
210716222,38,M,W,34.0717,-118.3806,400 S WILLAMAN DR,
200610092,22,F,B,34.098,-118.3316,SUNSET,HUDSON
200104941,22,M,H,34.0423,-118.2631,1100 S HOPE ST,
201110399,34,F,O,34.097,-118.2518,2400 N ALVARADO ST,
200104945,40,M,H,34.0446,-118.245,500 SAN JULIAN ST,
200104946,33,F,B,34.0446,-118.245,500 SAN JULIAN ST,
200104953,54,M,H,34.0409,-118.2574,1000 S BROADWAY,
200104954,21,F,H,34.0502,-118.2487,300 W 4TH ST,
200104955,21,M,W,34.0439,-118.2514,700 S MAIN ST,
210917205,29,M,H,34.1745,-118.4356,5800 WOODMAN AV,
200104959,24,F,W,34.0452,-118.2534,700 S BROADWAY,
201714567,31,M,H,34.2246,-118.5361,CHASE ST,RESEDA BL
200104960,18,F,H,34.0483,-118.2631,700 S FIGUEROA ST,
200104962,0,X,X,34.0449,-118.2458,300 E 5TH ST,
200104963,62,F,H,34.048,-118.2577,700 W 7TH ST,
200104964,36,M,W,34.0502,-118.2336,TEMPLE ST,VIGNES ST
200104971,0,,,34.0674,-118.2468,900 N BEAUDRY AV,
200104972,0,M,O,34.0365,-118.2364,1300 WHOLESALE ST,
200104974,27,F,H,34.0511,-118.2334,JACKSON,VIGNES
200104975,19,X,X,34.0462,-118.2585,800 S HILL ST,
200104977,61,M,B,34.0496,-118.2458,3RD ST,MAIN ST
211715705,30,M,B,34.2647,-118.4959,16700 CHATSWORTH ST,
200104982,28,F,H,34.032,-118.2657,HILL ST,WASHINGTON BL
201822046,35,F,H,33.9311,-118.2493,1400 E 114TH ST,
200104990,27,M,B,34.0547,-118.2505,100 S HILL ST,
200104991,0,X,X,34.0483,-118.2631,700 S FIGUEROA ST,
200104992,31,M,H,34.0446,-118.249,6TH ST,LOS ANGELES
200104993,50,M,H,34.0547,-118.2505,100 S HILL ST,
200104994,0,X,X,34.0462,-118.2585,600 W 9TH ST,
210619887,56,M,H,34.0845,-118.3078,800 N OXFORD AV,
200104997,32,F,B,34.0449,-118.2458,300 E 5TH ST,
202018863,22,M,H,34.0605,-118.2903,600 SHATTO PL,
210619979,0,,,34.1038,-118.3035,1800 N KINGSLEY DR,
200105001,21,M,O,34.0446,-118.2507,100 W 7TH ST,
200105005,26,F,O,34.0473,-118.2566,7TH ST,GRAND
200105006,0,X,X,34.0344,-118.2714,FIGUEROA,WASHINGTON
200814436,0,,,34.0417,-118.4041,10200 CRESTA DR,
200105008,0,M,O,34.0547,-118.2505,100 S HILL ST,
200312841,0,,,34.0172,-118.3374,3800 SOMERSET DR,
200105010,41,F,B,34.0442,-118.2439,500 S SAN PEDRO ST,
200118692,29,M,H,34.0377,-118.2607,BROADWAY,PICO
200406105,27,M,H,34.0277,-118.1978,3500 PERCY ST,
200105014,24,M,W,34.0438,-118.2547,300 W 8TH ST,
200105015,0,M,O,34.0446,-118.245,500 SAN JULIAN ST,
200105019,29,M,H,34.043,-118.2606,1000 S GRAND AV,
200105023,28,M,W,34.0483,-118.2326,E 1ST ST,S SANTA FE AV
200105026,22,M,K,34.0557,-118.2488,100 S GRAND AV,
200105027,59,M,W,34.0452,-118.2569,800 S OLIVE ST,
200105028,33,F,H,34.045,-118.264,800 W OLYMPIC BL,
200105029,27,F,C,34.0615,-118.2412,900 N BROADWAY,
200105030,31,M,O,34.0402,-118.2633,1200 S GRAND AV,
200105033,56,M,O,34.0402,-118.2633,1200 S GRAND AV,
200105035,60,F,O,34.0459,-118.2351,900 E 3RD ST,
200105036,61,F,W,34.0554,-118.2404,400 N MAIN ST,
200105041,31,F,K,34.0416,-118.262,GRAND AV,11TH ST
200105042,24,M,B,34.0368,-118.2412,CENTRAL AV,7TH ST
200105047,30,M,W,34.0408,-118.2428,800 E 6TH ST,
200105051,36,M,W,34.0473,-118.2566,7TH,OLIVE
201115511,0,M,W,34.0768,-118.2574,SUNSET BL,ECHO PARK
200105054,32,F,H,34.0389,-118.2643,400 W PICO BL,
200105055,50,M,B,34.0446,-118.249,6TH,MAIN
200105056,43,M,H,34.0324,-118.2605,16TH,SANTEE
200105057,24,M,B,34.0437,-118.2582,900 S OLIVE ST,
221205529,8,F,H,33.9694,-118.2608,800 E 77TH ST,
200117954,25,M,H,34.0444,-118.2541,700 S BROADWAY,
200105062,0,M,O,34.0481,-118.2542,600 S OLIVE ST,
200105066,28,F,B,34.0563,-118.2374,800 N ALAMEDA ST,
200105067,0,X,X,34.0483,-118.2631,700 S FIGUEROA ST,
200105068,66,M,B,34.0449,-118.2458,5TH ST,WALL ST
200105069,0,X,X,34.0354,-118.264,W 15TH ST,S HILL ST
211915756,65,F,H,34.2375,-118.4502,9200 VAN NUYS BL,
200911119,37,M,O,34.2041,-118.4425,14200 LEADWELL ST,
200105073,37,F,W,34.0414,-118.2319,E 4TH PL,S SANTA FE AV
200105074,30,M,W,34.0424,-118.2493,E 7TH ST,S LOS ANGELES ST
200105075,52,M,W,34.0453,-118.2443,400 E 5TH ST,
200105082,0,,,34.0359,-118.2344,1800 INDUSTRIAL ST,
200105087,40,M,B,34.048,-118.2577,700 W 7TH ST,
200105088,33,F,H,34.0388,-118.2574,1000 MAPLE AV,
200105090,22,F,W,34.0446,-118.2507,600 S LOS ANGELES ST,
200105092,0,M,X,34.0487,-118.2571,700 WILSHIRE BL,
200105094,74,M,K,34.0483,-118.2631,700 S FIGUEROA ST,
200105095,0,,,34.0637,-118.244,800 N BUNKER HILL AV,
200217828,41,M,O,34.0535,-118.2714,700 S UNION AV,
200105097,16,F,H,34.0509,-118.2585,600 S FIGUEROA ST,
200105099,45,F,B,34.0435,-118.2471,600 WALL ST,
200105100,64,M,W,34.0381,-118.2401,CENTRAL,WILDE
200105101,51,F,W,34.0525,-118.2432,200 N LOS ANGELES ST,
200317330,24,M,O,34.0328,-118.2865,1200 W ADAMS BL,
200105103,30,F,A,34.0586,-118.2402,600 N BROADWAY,
200500577,53,M,A,33.7928,-118.2904,800 W 255TH ST,
200112245,59,M,B,34.0542,-118.2566,300 S FIGUEROA ST,
201411997,0,X,X,33.9984,-118.4527,1900 WALGROVE AV,
200105108,47,M,A,34.051,-118.2445,200 S MAIN ST,
200105152,35,M,H,34.0563,-118.2374,800 N ALAMEDA ST,
201200943,8,F,B,33.9828,-118.3235,6300 6TH AV,
212017734,0,X,X,34.0618,-118.2923,3200 WILSHIRE BL,
200105111,38,F,O,34.0504,-118.2409,100 S SAN PEDRO ST,
200105113,44,F,A,34.0468,-118.2415,400 E 4TH ST,
200105115,33,M,W,34.0445,-118.2523,700 S SPRING ST,
200513373,0,X,X,33.7387,-118.2814,200 W 6TH ST,
200105117,22,F,B,34.0437,-118.2455,500 S SAN PEDRO ST,
200105118,51,M,B,34.0438,-118.2416,600 E 5TH ST,
200105120,23,M,H,34.048,-118.2577,700 W 7TH ST,
200105121,71,F,W,34.0563,-118.2374,800 N ALAMEDA ST,
221806331,28,M,H,33.9601,-118.2768,200 W MANCHESTER AV,
200105126,59,F,H,34.0385,-118.2491,8TH,SAN PEDRO
201817164,50,F,B,33.9419,-118.2784,104TH ST,BROADWAY
201822146,34,M,H,33.9465,-118.2397,9800 BANDERA ST,
200105131,14,F,H,34.048,-118.2577,700 W 7TH ST,
200105132,29,F,W,34.0463,-118.2515,6TH,SPRING
200105133,33,M,W,34.0402,-118.2633,1200 S GRAND AV,
200105134,34,M,H,34.0461,-118.2476,5TH,LOS ANGELES
200105135,60,M,B,34.0551,-118.2323,00 GATEWAY PLAZA DR,
200105139,65,F,H,34.0615,-118.2412,700 N ALAMEDA ST,
200105140,0,X,X,34.0563,-118.2374,800 N ALAMEDA ST,
200105142,60,M,H,34.0637,-118.244,800 N BUNKER HILL AV,
200105144,69,M,W,34.0493,-118.2418,200 S SAN PEDRO ST,
200618244,0,,,34.1007,-118.3494,1600 N LA BREA AV,
200105148,72,F,H,34.0604,-118.2393,BROADWAY,CESAR E CHAVEZ
200118182,23,F,W,34.0472,-118.2352,2ND ST,HEWITT
211507896,31,M,H,34.2124,-118.4092,7800 BEEMAN AV,
200105151,26,F,B,34.0467,-118.2485,500 S MAIN ST,
200105154,46,F,O,34.046,-118.2493,500 S LOS ANGELES ST,
200805831,57,F,W,34.0494,-118.4866,500 S BURLINGAME AV,
200105157,39,F,W,34.0408,-118.2511,E 8TH ST,SANTEE ST
200105158,30,F,W,34.0502,-118.254,600 W 5TH ST,
200105159,0,X,X,34.0488,-118.2553,600 S GRAND AV,
200105164,56,M,H,34.0471,-118.2474,5TH ST,SAN PEDRO ST
200105166,33,M,H,34.0474,-118.2496,5TH ST,SPRING ST
200105176,35,M,B,34.048,-118.2577,700 W 7TH ST,
200105184,28,M,H,34.0423,-118.2595,400 W OLYMPIC BL,
200105186,31,F,H,34.0481,-118.2507,500 S BROADWAY,
200105187,55,M,H,34.0481,-118.2507,500 S BROADWAY,
200105188,59,M,W,34.051,-118.248,W 3RD ST,S BROADWAY
200616504,29,F,B,34.0998,-118.3211,5800 W SUNSET BL,
200105191,33,M,H,34.0494,-118.2581,FLOWER ST,6TH ST
200105192,30,M,O,34.0494,-118.2581,FLOWER ST,6TH ST
200105193,46,M,B,34.0495,-118.2563,6TH ST,HOPE ST
200105194,20,M,W,34.0457,-118.2665,900 S FIGUEROA ST,
201821930,18,F,B,33.959,-118.2739,8700 S MAIN ST,
200317549,0,,,34.0051,-118.2827,4300 S FIGUEROA ST,
200105200,0,,,34.0409,-118.2574,1000 S BROADWAY,
200105201,40,M,W,34.0421,-118.2469,600 S SAN PEDRO ST,
200105202,46,F,H,34.0446,-118.245,5TH,SAN JULIAN
200717189,43,F,B,34.0496,-118.3425,PICO BL,COCHRAN
200105204,27,M,B,34.0473,-118.2601,800 S FLOWER ST,
200105205,25,M,A,34.0462,-118.2585,800 S HILL ST,
200817626,0,,,34.0484,-118.4437,1600 S BENTLEY AV,
200204372,0,,,34.0777,-118.2961,300 N VERMONT AV,
200105206,41,M,H,34.051,-118.2445,100 W 2ND ST,
200105207,43,F,O,34.0583,-118.2395,600 NEW HIGH ST,
200105208,48,M,W,34.0522,-118.2434,100 W 1ST ST,
200506170,33,F,W,33.7334,-118.2902,600 W 12TH ST,
200105211,30,M,W,34.0416,-118.262,S GRAND AV,W OLYMPIC BL
200105212,68,F,W,34.0477,-118.2393,400 E 2ND ST,
200105214,23,F,O,34.0395,-118.2622,1200 S OLIVE ST,
200105215,53,M,W,34.0509,-118.2585,600 S FIGUEROA ST,
200101159,29,M,W,34.0462,-118.2585,800 S HILL ST,
200105218,23,F,B,34.0328,-118.2647,18TH ST,MAIN ST
200105219,38,M,H,34.0408,-118.2428,800 E 6TH ST,
200105221,48,M,B,34.0363,-118.2573,12TH ST,SANTEE ST
200105224,0,,,34.0462,-118.2585,800 S HILL ST,
200105225,34,F,B,34.043,-118.2606,1000 S GRAND AV,
200105226,69,M,B,34.0502,-118.254,S 5TH,GRAND
200105227,23,M,A,34.0378,-118.2561,11TH,SANTEE
200105228,30,F,H,34.0378,-118.2561,11TH,SANTEE
200105232,31,F,H,34.0499,-118.2614,7TH,FIGUEROA
210409743,45,M,I,34.0609,-118.2052,1400 E LAKE AV,
200105235,22,F,W,34.0617,-118.2469,500 N FIGUEROA ST,
200105237,38,F,H,34.0572,-118.2481,100 N HILL ST,
200105238,28,M,W,34.0538,-118.256,4TH,FIGUEROA
200105240,61,M,W,34.046,-118.2326,300 S SANTA FE AV,
200105241,23,M,W,34.0458,-118.2614,9TH,FLOWER
201106089,24,F,H,34.1307,-118.1907,6000 CRESTWOOD WY,
200105244,0,,,34.0623,-118.2383,800 N BROADWAY,
222013040,60,M,H,34.0545,-118.3031,3300 SAN MARINO ST,
200215063,0,,,34.09,-118.2807,1000 HYPERION AV,
211715638,56,F,B,34.2762,-118.4716,15600 SIMONDS ST,
200105247,46,F,O,34.0525,-118.2432,CAESAR CHAVEZ,SPRING ST
200105249,53,M,W,34.0549,-118.2426,TEMPLE ST,SPRING ST
221804943,26,M,B,33.9492,-118.2739,100 W COLDEN AV,
200105255,21,F,H,34.0452,-118.2534,700 S BROADWAY,
200105259,21,F,H,34.0648,-118.2303,00 E BLOOM ST,
200118281,50,F,W,34.0445,-118.2523,600 S SPRING ST,
200812577,71,M,A,34.0814,-118.5073,2500 BANYAN DR,
200105262,24,M,H,34.0488,-118.2553,600 W 6TH ST,
200105263,36,F,W,34.0452,-118.2534,700 S BROADWAY,
200105264,30,F,H,34.0488,-118.25,400 S SPRING ST,
200105265,57,M,H,34.051,-118.2445,200 S MAIN ST,
200105266,38,F,H,34.051,-118.2445,200 S MAIN ST,
200105267,63,M,B,34.0547,-118.2505,100 S HILL ST,
200105268,25,F,H,34.0461,-118.2395,CENTRAL,2ND ST
200105269,14,M,W,34.0582,-118.2387,600 N SPRING ST,
200105270,12,M,H,34.0582,-118.2387,600 N SPRING ST,
200105271,0,M,W,34.0454,-118.2657,900 W OLYMPIC BL,
200105273,65,M,H,34.0563,-118.2374,800 N ALAMEDA ST,
200105275,46,F,O,34.046,-118.2493,500 S LOS ANGELES ST,
200105276,46,F,O,34.046,-118.2493,500 S LOS ANGELES ST,
200105277,64,M,W,34.038,-118.243,CERES,7TH
200105278,0,M,O,34.0389,-118.255,1000 SANTEE ST,
200105280,0,M,W,34.0502,-118.254,600 W 5TH ST,
200105281,23,F,O,34.0445,-118.2523,7TH,SPRING
200105282,60,M,A,34.0421,-118.2469,600 S SAN PEDRO ST,
200109827,63,M,W,34.0423,-118.2527,8TH,MAIN ST
200105283,66,F,H,34.0572,-118.2481,200 N HILL ST,
200105284,55,M,W,34.0463,-118.255,7TH,HILL
201212206,27,F,H,33.9936,-118.3215,5300 4TH AV,
200105287,20,F,W,34.0416,-118.262,1100 S GRAND AV,
200105288,76,F,O,34.0423,-118.2452,6TH,SAN PEDRO
200105289,0,,,34.0587,-118.233,400 BAUCHET ST,
200105290,38,M,O,34.0363,-118.2573,1200 SANTEE ST,
200105291,38,M,O,34.0363,-118.2573,1200 SANTEE ST,
200105293,47,F,A,34.0631,-118.2337,1100 N MAIN ST,
200105294,60,M,O,34.071,-118.2302,SOLANO,BROADWAY
200105296,51,F,H,34.0563,-118.2374,800 N ALAMEDA ST,
200105297,60,F,B,34.0467,-118.252,6TH,CROCKER
200105302,28,F,H,34.0363,-118.2672,200 W WASHINGTON BL,
200105303,23,M,H,34.048,-118.2577,700 W 7TH ST,
200105307,24,M,W,34.0448,-118.2474,200 E 6TH ST,
200510994,0,,,33.7315,-118.2879,14TH ST,PACIFIC AV
200105309,39,M,W,34.0412,-118.2474,7TH,SAN JULIAN
200105311,33,M,H,34.0412,-118.2474,7TH,SAN JULIAN
200105312,0,M,O,34.0472,-118.2361,2ND,HEWITT
200105313,28,M,B,34.0445,-118.2523,7TH ST,SPRING ST
200105314,14,M,H,34.0495,-118.2494,400 S BROADWAY,
200516317,38,M,W,33.7147,-118.2916,3200 S PECK AV,
200317339,32,M,B,34.0054,-118.3297,LEIMERT BL,43RD ST
200105317,33,M,H,34.0537,-118.2523,300 S HOPE ST,
200105318,25,F,O,34.0607,-118.2494,900 W TEMPLE ST,
200105319,57,F,W,34.0421,-118.2405,5TH ST,STANFORD
200105321,0,,,34.0402,-118.2633,1200 S GRAND AV,
200105328,26,F,H,34.0518,-118.2493,3RD ST,HILL ST
200105333,31,M,H,34.0511,-118.2381,ALAMEDA,TEMPLE
200105334,37,M,B,34.0644,-118.2387,900 N HILL ST,
200105335,33,F,H,34.0466,-118.259,800 S HOPE ST,
220705246,57,F,B,34.0608,-118.3359,800 S TREMAINE AV,
200914159,23,M,B,34.2012,-118.4432,7200 KATHERINE AV,
211015708,0,,,34.2108,-118.5623,7700 CORBIN AV,
200105344,33,F,H,34.0519,-118.2531,6TH ST,HOPE ST
200714035,70,F,W,34.0783,-118.3474,400 N ALTA VISTA BL,
200105347,0,X,X,34.046,-118.2509,600 S SPRING ST,
211313647,27,F,W,33.9765,-118.2789,300 W 70TH ST,
201319204,9,F,H,34.0084,-118.2455,4000 MORGAN AV,
200105350,30,M,W,34.0384,-118.2294,600 MESQUIT ST,
200105351,30,M,W,34.0437,-118.2455,500 S SAN PEDRO ST,
200911839,36,M,W,34.1545,-118.4552,4600 WILLIS AV,
200105353,27,M,H,34.0661,-118.2435,700 W COLLEGE ST,
200105354,39,F,B,34.043,-118.242,5TH,TOWNE
201104052,0,X,X,34.1442,-118.218,2400 COLORADO BL,
200105357,48,F,H,34.0563,-118.2374,800 N ALAMEDA ST,
200105359,39,F,W,34.0468,-118.2622,FIGUEROA,8TH
200105362,31,M,H,34.0459,-118.2579,800 S GRAND AV,
200105363,34,F,B,34.0402,-118.2633,1200 S GRAND AV,
200105367,29,M,H,34.0462,-118.2585,700 W 9TH ST,
200105369,0,M,W,34.0488,-118.2518,500 S HILL ST,
200105370,30,F,O,34.0637,-118.244,800 ALPINE ST,
200105371,0,M,W,34.048,-118.2577,700 W 7TH ST,
200105428,38,M,H,34.0502,-118.254,600 W 5TH ST,
200105564,21,M,W,34.0329,-118.2632,17TH ST,MAIN ST
211004055,38,M,O,34.183,-118.5447,6200 WILBUR AV,
200105373,60,M,B,34.0433,-118.2504,700 S LOS ANGELES ST,
200105375,58,M,B,34.0428,-118.2461,6TH ST,SAN JULIAN
200105384,36,M,W,34.0563,-118.2374,800 N ALAMEDA ST,
200105386,34,M,W,34.0563,-118.2374,800 N ALAMEDA ST,
200105388,48,F,H,34.0433,-118.2377,400 SEATON ST,
200105393,27,F,B,34.0433,-118.2504,7TH,LOS ANGELES
201007680,34,F,H,34.1905,-118.4749,6600 HASKELL AV,
221404806,0,,,34.0022,-118.4255,WASHINGTON PL,INGLEWOOD
200105399,24,F,A,34.0531,-118.2478,2ND ST,HILL ST
200105400,51,F,W,34.0517,-118.2474,4TH ST,HILL ST
200105401,27,F,W,34.0569,-118.254,HILL ST,2ND ST
200105402,34,F,W,34.0487,-118.2571,700 WILSHIRE BL,
200105403,29,F,B,34.0488,-118.2553,600 S GRAND AV,
200105404,52,M,W,34.0467,-118.252,600 S BROADWAY,
200105406,0,M,H,34.0606,-118.2455,500 N BUNKER HILL AV,
200105407,52,M,W,34.0563,-118.2374,800 N ALAMEDA ST,
200105409,37,M,H,34.0464,-118.2447,WALL ST,4TH ST
200105413,43,F,H,34.0437,-118.2455,500 S SAN PEDRO ST,
200105414,0,,,34.0626,-118.2445,800 BARTLETT ST,
200105419,31,M,H,34.0354,-118.2714,18TH,FIGUEROA
200105420,52,M,B,34.0472,-118.2381,ALAMEDA,2ND
200105422,55,M,A,34.0474,-118.2496,5TH,SPRING
200105424,50,M,H,34.033,-118.2615,1600 S LOS ANGELES ST,
200105425,61,M,H,34.0552,-118.2322,500 RAMIREZ ST,
200105426,26,M,O,34.0502,-118.254,600 W 5TH ST,
200105427,60,M,W,34.0487,-118.2588,700 S FLOWER ST,
200408506,0,,,34.0246,-118.1998,3500 E 7TH ST,
200105429,62,F,H,34.0495,-118.2494,400 S BROADWAY,
200105430,24,F,W,34.046,-118.2509,200 W 6TH ST,
200105431,34,M,O,34.0483,-118.2631,700 S FIGUEROA ST,
200105432,56,M,H,34.0387,-118.2335,1700 E 7TH ST,
200105433,34,M,B,34.046,-118.2509,200 W 6TH ST,
201007391,0,M,W,34.1725,-118.5475,19000 VENTURA BL,
200105449,48,F,B,34.0442,-118.2439,500 S SAN PEDRO ST,
200105450,29,F,B,34.0569,-118.254,100 S FIGUEROA ST,
200105454,27,M,W,34.0488,-118.2483,400 S SPRING ST,
201712553,33,F,W,34.2702,-118.4968,16600 HORACE ST,
200310104,15,F,H,34.0087,-118.284,500 W 41ST DR,
200814461,0,,,34.0375,-118.3886,ROBERTSON BL,GIBSON ST
200906435,34,F,W,34.2012,-118.4574,14900 SHERMAN WY,
211225384,61,F,H,33.9837,-118.3279,6100 10TH AV,
200105475,31,M,H,34.0467,-118.2556,500 W 7TH ST,
200105476,35,M,B,34.0453,-118.2443,400 E 5TH ST,
200105477,31,F,H,34.0495,-118.2529,500 S OLIVE ST,
200105480,28,F,W,34.0331,-118.2599,SANTEE ST,14TH ST
200105481,48,M,H,34.0452,-118.2534,700 S BROADWAY,
200105482,25,M,H,34.0437,-118.2582,400 W 9TH ST,
200105483,54,M,H,34.0686,-118.2266,1700 NAUD ST,
200105485,37,F,H,34.0437,-118.2582,400 W 9TH ST,
200105486,21,M,H,34.0503,-118.2506,4TH ST,HILL ST
200105489,28,F,B,34.0437,-118.2455,500 S SAN PEDRO ST,
200105490,46,F,O,34.0444,-118.2407,4TH,TOWNE
200105493,0,X,X,34.0328,-118.2647,1800 S BROADWAY,
200105496,23,F,W,34.0488,-118.2553,600 S GRAND AV,
200204446,0,,,34.0648,-118.2696,200 S WESTLAKE AV,
200106255,54,F,W,34.0504,-118.2409,300 E 1ST ST,
200105499,52,M,W,34.0467,-118.2485,100 W 5TH ST,
200105507,34,F,B,34.0509,-118.2585,600 S FIGUEROA ST,
201114637,0,,,34.0815,-118.2546,1600 ECHO PARK AV,
200105513,35,M,B,34.048,-118.2577,700 W 7TH ST,
200204971,0,,,34.071,-118.2759,RAMPART,COUNCIL
200105519,0,,,34.0423,-118.2452,6TH ST,SAN PEDRO
200105521,0,X,X,34.0563,-118.2374,800 N ALAMEDA ST,
200105522,37,M,A,34.0437,-118.2582,9TH ST,OLIVE ST
200911049,35,F,W,34.1649,-118.4574,KESTER AV,MAGNOLIA BL
210206385,9,F,H,34.057,-118.2635,400 HARTFORD AV,
200105525,0,X,X,34.0483,-118.2631,700 S FIGUEROA ST,
200105528,64,M,W,34.0537,-118.2455,300 W 1ST ST,
200105529,43,F,F,34.0433,-118.2381,E 4TH ST,S ALAMEDA ST
200105531,29,M,H,34.0342,-118.2636,1600 S BROADWAY,
200517895,40,M,H,33.7815,-118.265,900 N FRIES AV,
200105535,44,F,H,34.0473,-118.2601,800 S FLOWER ST,
200105538,38,F,H,34.0591,-118.2412,600 N HILL ST,
200105540,32,F,B,34.0544,-118.2466,1ST ST,HILL
200506494,53,F,W,33.7421,-118.3102,1500 S WEYMOUTH PL,
200105547,40,M,H,34.0462,-118.2585,700 S HILL ST,
200105548,23,F,H,34.0455,-118.2381,3RD ST,ALAMEDA
200105549,25,M,W,34.0569,-118.254,100 S FIGUEROA ST,
200105550,58,F,H,34.0403,-118.2421,6TH ST,GLADYS
201215546,68,M,H,33.9782,-118.2893,800 W 68TH ST,
200105553,45,M,W,34.0566,-118.2319,900 N VIGNES ST,
200105554,30,F,O,34.0714,-118.2329,1000 N BROADWAY,
200105556,65,F,B,34.0549,-118.2426,200 W TEMPLE ST,
200105558,90,F,O,34.0604,-118.2393,BROADWAY ST,CESAR E CHAVEZ
200105571,29,M,H,34.0499,-118.2614,7TH ST,FIGUEROA
200105574,26,M,H,34.0382,-118.2316,600 IMPERIAL ST,
200122215,55,F,H,34.0446,-118.245,500 SAN JULIAN ST,
200105577,52,F,W,34.0495,-118.2529,5TH,OLIVE
200105578,60,M,A,34.0464,-118.2447,400 WALL ST,
200218310,0,,,34.0519,-118.2624,1000 WILSHIRE BL,
200105581,33,M,H,34.0461,-118.2476,LOS ANGELES,WINSTON
200105583,38,F,W,34.0473,-118.2566,7TH,OLIVE
201012706,46,M,H,34.2179,-118.5014,8100 N BALBOA PL,
200105585,63,F,W,34.046,-118.2493,100 E 6TH ST,
200105586,34,M,H,34.0734,-118.2305,500 CASANOVA ST,
220614831,28,M,H,34.0944,-118.3277,1900 TRANSIENT,
201111473,40,F,H,34.1293,-118.219,4600 ELLENWOOD DR,
201009044,0,M,W,34.1718,-118.4993,16800 BURBANK BL,
200105591,29,M,B,34.0495,-118.2563,6TH,HOPE
200105592,36,M,W,34.0462,-118.2628,900 S FIGUEROA ST,
200806568,35,M,W,34.045,-118.4557,1500 BARRY AV,
200105596,52,F,H,34.0566,-118.2319,900 N VIGNES ST,
200105599,48,M,H,34.0483,-118.2631,PASADENA FY,8TH ST
200105601,35,M,H,34.0615,-118.2412,100 PASEO DE LA PLAZA,
200105602,53,F,B,34.0421,-118.2469,600 S SAN PEDRO ST,
200105604,32,M,B,34.0421,-118.2469,600 S SAN PEDRO ST,
200609150,26,F,O,34.0981,-118.3114,1500 N SAINT ANDREWS PL,
211415778,20,F,W,33.9868,-118.4451,3200 CARTER AV,
200105608,34,F,H,34.0519,-118.2531,OLIVE,2ND ST
200105609,39,F,H,34.0519,-118.2531,OLIVE,2ND ST
200504370,0,,,33.8457,-118.3066,1600 W 204TH ST,
200105905,0,M,H,34.046,-118.2493,100 E 6TH ST,
200105610,55,M,W,34.0412,-118.2474,SAN JULIAN,6TH ST
200105612,49,M,A,34.0449,-118.2458,5TH,WALL
200105619,49,M,W,34.0435,-118.2427,500 CROCKER ST,
210917704,23,M,H,34.1794,-118.4225,6000 FULTON AV,
200105626,26,F,O,34.0485,-118.2447,3RD,LOS ANGELES
200105628,85,M,H,34.0435,-118.2471,6TH,WALL
200105630,49,F,W,34.0572,-118.2481,100 N HILL ST,
200408039,37,M,H,34.0832,-118.1933,4300 RAYNOL ST,
200105632,59,F,H,34.0488,-118.25,3RD,HILL
211716180,0,,,34.2321,-118.4906,16400 RAYEN ST,
200105634,57,F,O,34.0454,-118.2333,800 E 4TH PL,
200105635,81,F,H,34.0423,-118.2452,6TH,SAN PEDRO
200105637,28,F,H,34.0416,-118.2398,500 CERES AV,
212018351,41,F,B,34.0608,-118.2941,600 S BERENDO ST,
200917497,33,F,W,34.1576,-118.4231,13300 RIVERSIDE DR,
200308673,19,X,X,34.0237,-118.3722,3500 S LA CIENEGA BL,
201011914,0,M,W,34.2141,-118.5612,7900 BOTHWELL RD,
200105655,37,F,W,34.0446,-118.245,500 SAN JULIAN ST,
200105656,22,M,A,34.0483,-118.2631,700 S FIGUEROA ST,
200105657,49,M,A,34.0458,-118.2614,900 S FLOWER ST,
200105661,49,M,W,34.051,-118.248,300 S BROADWAY,
200105662,19,M,B,34.0472,-118.2442,BOYD,WALL
200105663,23,F,W,34.0374,-118.2701,FIGUEROA,VENICE
200105664,35,M,H,34.0317,-118.2641,1800 S MAIN ST,
200105665,32,F,B,34.0423,-118.2631,11TH,HOPE
200404158,0,,,34.0726,-118.2201,200 S AVENUE 20,
200105666,32,M,A,34.0563,-118.2374,800 N ALAMEDA ST,
201411760,50,M,W,33.9925,-118.4402,4000 TIVOLI AV,
200504577,0,,,33.838,-118.2996,1300 W 211TH ST,
200613614,19,F,B,34.098,-118.3266,1500 VINE ST,
200105669,38,F,B,34.0399,-118.2383,ALAMEDA,PALMETTO
200105670,23,F,B,34.047,-118.2526,6TH,BROADWAY
200105671,56,F,B,34.0468,-118.2415,300 S ALAMEDA ST,
200105672,0,,,34.045,-118.264,800 W OLYMPIC BL,
200105674,35,M,B,34.0382,-118.2384,600 S ALAMEDA ST,
200105675,36,M,H,34.0347,-118.2645,VENICE,BROADWAY
200105685,32,M,W,34.0382,-118.2345,600 MILL ST,
200105686,48,M,B,34.0439,-118.2479,6TH ST,MAPLE
200105687,0,M,O,34.0459,-118.2579,800 S GRAND AV,
200105688,50,M,W,34.0468,-118.2415,400 E 4TH ST,
200105690,65,M,B,34.0413,-118.2517,800 SANTEE ST,
200105692,53,F,H,34.0416,-118.2398,500 CERES AV,
200105693,79,M,H,34.0606,-118.2439,600 N GRAND AV,
200105695,52,M,B,34.0467,-118.247,200 WINSTON ST,
210716708,38,M,O,34.0761,-118.3685,8200 BEVERLY BL,
200105697,23,M,H,34.048,-118.2577,700 W 7TH ST,
200105699,20,F,H,34.048,-118.2577,700 W 7TH ST,
200105700,0,,,34.0586,-118.2402,600 N BROADWAY,
200105701,50,M,B,34.0401,-118.2459,7TH,SAN PEDRO
200105705,32,M,B,34.0445,-118.2523,200 W 7TH ST,
200105706,27,F,B,34.0491,-118.2558,700 W 7TH ST,
200105707,26,M,B,34.0448,-118.2474,200 E 6TH ST,
200105708,44,F,H,34.0643,-118.2306,BLOOM,MAGDALENA
200105709,29,M,O,34.0431,-118.2692,1200 S FIGUEROA ST,
200105710,28,F,H,34.0461,-118.2395,3RD ST,CENTRAL AV
200105713,25,F,H,34.0635,-118.2356,1200 N SPRING ST,
200105714,19,M,W,34.0693,-118.2488,1000 EVERETT PL,
200105715,25,M,W,34.0389,-118.2643,GRAND,PICO
200309004,19,X,X,34.0276,-118.3229,2800 W JEFFERSON BL,
200105718,94,M,H,34.0388,-118.2717,1700 S FIGUEROA ST,
200105720,37,F,B,34.0378,-118.2561,1100 SANTEE ST,
200105721,37,M,H,34.0467,-118.2485,100 W 5TH ST,
200105723,47,M,B,34.0463,-118.2515,6TH,SPRING
200105724,36,M,A,34.0467,-118.2556,500 W 7TH ST,
200105725,26,F,H,34.045,-118.264,800 W OLYMPIC BL,
200105726,23,F,H,34.045,-118.264,800 W OLYMPIC BL,
200105727,22,F,H,34.045,-118.264,800 W OLYMPIC BL,
200105728,23,F,H,34.045,-118.264,800 W OLYMPIC BL,
200105731,42,M,B,34.0454,-118.2466,500 MAPLE AV,
200105732,0,X,X,34.0648,-118.2313,1400 N MAIN ST,
200105734,57,M,H,34.0424,-118.2718,LA LIVE WY,PICO
200105735,0,X,X,34.0515,-118.2424,100 N LOS ANGELES ST,
200105736,50,F,B,34.0577,-118.2318,ALAMEDA,VIGNES
200105737,55,M,W,34.0478,-118.2484,400 S MAIN ST,
200105738,62,F,W,34.0474,-118.2531,6TH ST,HILL ST
200105739,44,M,H,34.0699,-118.2341,BISHOPS ST,SAVOY ST
200105740,36,M,W,34.0563,-118.2374,800 N ALAMEDA ST,
220207597,62,M,H,34.0473,-118.2827,1300 S ALVARADO ST,
200105742,0,,,34.0437,-118.2582,900 S OLIVE ST,
200105836,34,M,H,34.0635,-118.2356,ALAMEDA,COLLEGE
200105837,34,M,B,34.0435,-118.2427,500 CROCKER ST,
200105745,25,F,W,34.0456,-118.2504,600 HARLEM PL,
200105748,41,M,W,34.0421,-118.2469,400 E 7TH ST,
200105749,27,F,B,34.0461,-118.2476,500 S LOS ANGELES ST,
200105750,28,M,H,34.0459,-118.2579,800 S GRAND AV,
200105751,45,M,W,34.0421,-118.2469,600 S SAN PEDRO ST,
200105753,62,M,H,34.0458,-118.243,400 S SAN PEDRO ST,
200105754,49,M,H,34.0449,-118.2458,5TH,WALL
200105755,27,F,H,34.0462,-118.2585,600 W 9TH ST,
200105757,0,,,34.0342,-118.2636,BROADWAY,VENICE
200105759,51,M,A,34.0635,-118.2426,700 ALPINE ST,
200105760,35,M,B,34.048,-118.2577,700 W 7TH ST,
200105761,31,M,H,34.0467,-118.252,600 S BROADWAY,
200105762,35,M,B,34.048,-118.2577,700 W 7TH ST,
200105764,24,F,C,34.0437,-118.2652,CHICK HEARN,FIGUEROA
200105765,0,,,34.0395,-118.2656,HOPE ST,PICO BL
200105768,44,M,W,34.0431,-118.2692,1200 S FIGUEROA ST,
200105769,55,M,B,34.0552,-118.2322,500 RAMIREZ ST,
200105771,27,M,O,34.0353,-118.2698,18TH ST,FLOWER ST
200105772,32,M,H,34.0379,-118.2682,1500 S FLOWER ST,
200508100,48,M,W,33.7837,-118.3079,26300 OZONE AV,
200105774,39,F,B,34.0488,-118.2518,5TH ST,HILL ST
200105776,35,M,B,34.0346,-118.2323,7TH,MATEO
200105777,26,F,H,34.0346,-118.2323,7TH,MATEO
200105778,35,M,B,34.048,-118.2577,700 W 7TH ST,
200105779,20,F,H,34.048,-118.2577,700 W 7TH ST,
200105780,67,M,B,34.0439,-118.2514,7TH ST,MAIN ST
200105781,0,X,X,34.0475,-118.2657,1000 W 9TH ST,
201110303,0,M,O,34.1089,-118.1942,100 AVENUE 56,
212114920,34,F,B,34.2011,-118.5884,7200 DE SOTO AV,
200105784,27,M,F,34.0537,-118.2523,3RD ST,HOPE ST
200105785,26,M,C,34.0481,-118.2542,500 W 6TH ST,
200105787,23,F,H,34.046,-118.2509,6TH ST,SPRING ST
200105788,37,M,W,34.0431,-118.2692,1100 S FIGUEROA ST,
200105789,31,F,W,34.0415,-118.2374,5TH ST,SEATON
200105790,37,M,H,34.0415,-118.2374,SEATON,5TH
200105791,31,F,W,34.0491,-118.2558,800 W 7TH ST,
200105792,30,M,H,34.0433,-118.2504,700 S LOS ANGELES ST,
200105793,24,F,H,34.045,-118.2628,FIGUEROA,OLYMPIC
200105794,0,M,W,34.0563,-118.2374,800 N ALAMEDA ST,
200105795,25,M,H,34.0511,-118.2334,JACKSON,VIGNES
200105796,38,M,F,34.0445,-118.2523,7TH ST,MAIN ST
200105805,31,M,W,34.0459,-118.2579,800 S GRAND AV,
200105807,21,F,H,34.0452,-118.2534,700 S BROADWAY,
200105808,22,F,W,34.0395,-118.2622,1200 S OLIVE ST,
200105809,0,,,34.0448,-118.2474,200 E 6TH ST,
200105812,26,F,A,34.051,-118.2445,200 S MAIN ST,
200105821,21,F,H,34.0388,-118.2574,1200 MAPLE AV,
200105824,33,M,H,34.0582,-118.2387,600 N SPRING ST,
200105825,50,M,W,34.0412,-118.2436,700 E 6TH ST,
200105826,52,F,A,34.0467,-118.247,200 WINSTON ST,
200105829,0,,,34.043,-118.2571,9TH ST,HILL ST
200105830,29,F,B,34.0524,-118.2467,BROADWAY AV,1ST ST
200105834,68,F,H,34.0648,-118.2313,100 E ANN ST,
200517231,41,M,H,33.8315,-118.3065,CARSON,HARVARD
200105838,51,F,B,34.0421,-118.2469,600 S SAN PEDRO ST,
200600544,54,M,W,34.1123,-118.308,5400 RED OAK DR,
201107274,36,M,W,34.1098,-118.2056,AVENUE 50,ELDRED
200105903,25,M,W,34.0409,-118.2609,1100 S OLIVE ST,
200105906,37,M,H,34.0487,-118.2588,700 S FLOWER ST,
210211279,14,F,H,34.0589,-118.2835,700 S RAMPART BL,
200105848,23,M,H,34.048,-118.2577,700 W 7TH ST,
200105850,0,X,X,34.0381,-118.2629,1300 S OLIVE ST,
200105854,32,F,H,34.0478,-118.2484,100 W 5TH ST,
200409340,0,,,34.0664,-118.1722,2000 BARNETT RD,
200105857,28,M,H,34.0481,-118.2507,500 S BROADWAY,
200105859,28,M,A,34.0461,-118.2395,3RD,CENTRAL
200208234,22,F,H,34.0601,-118.2761,6TH ST,ALVARADO ST
200105861,14,M,H,34.0594,-118.2452,400 N GRAND AV,
200105862,54,F,A,34.0632,-118.2408,ALPINE,YALE ST
200105863,35,M,B,34.0473,-118.2566,700 S GRAND AV,
200105864,27,M,W,34.048,-118.2577,700 S HOPE ST,
200105865,53,M,O,34.0509,-118.2585,600 S FIGUEROA ST,
200105866,23,M,B,34.042,-118.2625,17TH,HOPE
200105869,68,M,H,34.0449,-118.2415,4TH ST,CROCKER ST
200105870,41,F,W,34.0468,-118.2641,9TH,FIGUEROA
200105871,45,M,W,34.0563,-118.2374,800 N ALAMEDA ST,
200105872,0,X,X,34.0537,-118.2455,300 W 1ST ST,
200105878,0,X,X,34.048,-118.2577,700 W 7TH ST,
200105880,0,X,X,34.0348,-118.2687,W 18TH ST,S HOPE ST
200105882,33,M,W,34.0364,-118.2603,1300 S MAIN ST,
200105884,0,M,W,34.0495,-118.2458,200 S LOS ANGELES ST,
200105885,31,M,W,34.0488,-118.2483,400 S SPRING ST,
200404630,27,M,O,34.0425,-118.2217,PECAN,4TH
200105891,28,M,A,34.0454,-118.2657,900 W OLYMPIC BL,
200219185,30,F,H,34.0583,-118.2616,1400 W 3RD ST,
200105898,0,X,X,34.0395,-118.2656,1300 S HOPE ST,
200121195,0,X,X,34.0448,-118.2474,200 E 6TH ST,
200105907,63,F,O,34.0421,-118.2469,600 S SAN PEDRO ST,
200105909,48,M,O,34.0495,-118.2458,300 S LOS ANGELES ST,
200105910,61,M,W,34.0623,-118.2383,800 N BROADWAY,
200105911,0,F,A,34.0467,-118.247,200 WINSTON ST,
200105912,72,M,H,34.0714,-118.2329,1000 N BROADWAY,
200105913,23,F,H,34.0394,-118.2496,600 E 8TH ST,
200105914,41,M,W,34.048,-118.2577,700 W 7TH ST,
200512066,60,F,B,33.7234,-118.2907,600 W 23RD ST,
200105920,73,M,H,34.0563,-118.2374,800 N ALAMEDA ST,
200410044,24,M,H,34.0609,-118.2052,2000 MARENGO ST,
200105922,21,F,H,34.0473,-118.2425,3RD,SAN PEDRO
200121726,0,M,W,34.0487,-118.2627,1000 W 8TH ST,
200105924,30,M,O,34.0481,-118.2542,600 S OLIVE ST,
200105925,37,M,H,34.0345,-118.266,17TH,OLIVE
200105926,30,F,H,34.0643,-118.2299,200 BLOOM ST,
201614054,76,F,H,34.2157,-118.3902,11800 STRATHERN ST,
200607168,38,F,H,34.0836,-118.3016,700 N ARDMORE AV,
200105930,57,M,W,34.0322,-118.2637,18TH,MAIN ST
200105931,32,M,W,34.0491,-118.2593,7TH,FLOWER
200105935,0,,,34.0532,-118.2425,200 N MAIN ST,
200105938,64,F,O,34.0632,-118.2408,600 ALPINE ST,
200105943,25,F,H,34.0423,-118.2452,600 S SAN PEDRO ST,
200105945,0,X,X,34.0522,-118.2434,100 W 1ST ST,
200105946,50,M,H,34.0423,-118.2452,600 S SAN PEDRO ST,
200105947,0,,,34.0359,-118.2344,1800 INDUSTRIAL ST,
210817688,55,F,W,34.0466,-118.4408,1800 CAMDEN AV,
200504494,33,F,H,33.7361,-118.2901,900 S GRAND AV,
201108617,48,M,H,34.1097,-118.2739,2900 SAINT GEORGE ST,
200105954,0,,,34.0669,-118.2458,900 CENTENNIAL ST,
200105960,48,M,F,34.0442,-118.2439,500 S SAN PEDRO ST,
200105962,33,M,H,34.048,-118.2577,700 W 7TH ST,
200105963,0,X,X,34.0714,-118.2329,1400 N BROADWAY,
200105968,25,M,B,34.0491,-118.2558,500 W 7TH ST,
200105971,23,M,H,34.048,-118.2577,700 W 7TH ST,
200105972,55,M,H,34.0615,-118.2412,100 PASEO DE LA PLAZA,
200105973,38,M,H,34.0615,-118.2412,100 PASEO DE LA PLAZA,
200105974,0,,,34.0713,-118.2291,400 CASANOVA ST,
200105975,24,F,O,34.0451,-118.2604,600 W 9TH ST,
200105976,23,M,H,34.048,-118.2577,700 W 7TH ST,
200105977,26,F,H,34.0423,-118.2452,SAN PEDRO ST,6TH ST
200105980,0,X,X,34.0459,-118.2545,7TH,HILL
200105981,57,M,H,34.0388,-118.2411,1000 WILDE ST,
200105989,23,F,W,34.0449,-118.2528,7TH,SPRING
200105990,34,M,W,34.0391,-118.2581,11TH ST,MAIN ST
200105991,20,M,O,34.0479,-118.2612,800 S FIGUEROA ST,
200105992,0,M,W,34.0495,-118.2563,600 S HOPE ST,
200105993,34,M,W,34.0673,-118.2489,900 MARVIEW AV,
201008496,59,M,O,34.1975,-118.5623,7000 CORBIN AV,
200105997,48,F,B,34.0442,-118.2439,500 S SAN PEDRO ST,
200105998,0,M,W,34.0502,-118.2487,300 W 4TH ST,
200105999,0,X,X,34.0542,-118.2566,400 S FIGUEROA ST,
201214500,30,F,H,33.9794,-118.3338,6600 BRYNHURST AV,
200106002,44,F,B,34.0442,-118.2439,500 S SAN PEDRO ST,
200106058,61,F,B,34.053,-118.2513,300 S GRAND AV,
200106003,56,F,H,34.0398,-118.2413,600 CERES AV,
200106004,57,M,H,34.0671,-118.2483,900 WHITE KNOLL DR,
200106005,35,M,O,34.049,-118.2381,100 S ALAMEDA ST,
200106006,35,M,W,34.0452,-118.2569,800 S OLIVE ST,
200106007,0,X,X,34.0455,-118.2452,WALL ST,WINSTON
200106008,33,M,H,34.0446,-118.245,5TH ST,SAN JULIAN
201110606,40,F,W,34.121,-118.2685,LEGION LN,DOVER ST
200106012,26,F,B,34.0502,-118.254,600 W 5TH ST,
200106013,53,M,W,34.037,-118.2688,FLOWER,VENICE
200106014,21,F,B,34.0563,-118.2374,800 N ALAMEDA ST,
200106015,53,M,I,34.0475,-118.2657,900 GEORGIA ST,
200106016,27,M,B,34.047,-118.2647,JAMES M WOOD,FRANCISCO
200106021,25,M,W,34.0409,-118.2574,1000 S BROADWAY,
200106023,40,M,B,34.0496,-118.2458,3RD,MAIN
200106024,44,F,W,34.0467,-118.252,600 S SPRING ST,
200122993,38,M,H,34.0483,-118.2631,700 S FIGUEROA ST,
200106028,46,F,B,34.0398,-118.2413,6TH ST,CERES
200106037,0,,,34.0424,-118.2493,7TH ST,LOS ANGELES
200106038,51,F,W,34.0482,-118.2472,400 S MAIN ST,
200106039,32,M,H,34.0433,-118.2488,600 WALL ST,
200106040,29,M,H,34.0401,-118.2533,9TH ST,LOS ANGELES
200106041,56,M,B,34.0495,-118.2494,400 S BROADWAY,
200106044,32,F,A,34.0412,-118.2474,700 SAN JULIAN ST,
201007631,24,F,W,34.1866,-118.5535,TAMPA,VICTORY
200106102,0,F,X,34.0522,-118.2434,100 W 1ST ST,
200322152,63,M,B,34.0347,-118.2809,BUCKINGHAM RD,ADAMS BL
200106049,32,F,O,34.0503,-118.2433,2ND,LOS ANGELES
200106050,61,M,B,34.0495,-118.2458,200 S LOS ANGELES ST,
200106061,53,M,H,34.0454,-118.2657,900 W OLYMPIC BL,
201226353,48,F,H,33.9933,-118.3052,1600 W 54TH ST,
200106063,35,F,H,34.0419,-118.2485,700 WALL ST,
200106071,51,F,A,34.0619,-118.2369,800 N SPRING ST,
200106073,30,M,W,34.0395,-118.2622,1200 S OLIVE ST,
200106074,0,X,X,34.0488,-118.2518,5TH,HILL
200106075,63,F,A,34.0685,-118.246,1200 W SUNSET BL,
200106076,0,X,X,34.0522,-118.2434,100 W 1ST ST,
200106077,0,,,34.0349,-118.2669,GRAND,VENICE
200106078,0,F,A,34.0437,-118.2582,9TH ST,OLIVE ST
200106080,0,M,W,34.048,-118.2577,700 W 7TH ST,
200516455,29,F,W,33.8233,-118.3064,1500 W 224TH ST,
200106082,62,M,O,34.0563,-118.2374,800 N ALAMEDA ST,
201110326,0,,,34.1148,-118.1869,6200 MT ANGELUS DR,
200106086,21,F,H,34.0509,-118.2585,600 S FIGUEROA ST,
200106088,32,M,H,34.0423,-118.2452,6TH ST,SAN PEDRO
200106090,33,F,H,34.0512,-118.2344,GAREY ST,JACKSON ST
221209383,24,M,H,34.0016,-118.2878,4600 WESLEY AV,
211320345,11,F,H,33.9994,-118.2499,4600 COMPTON AV,
210715828,28,M,W,34.0688,-118.3552,300 S CURSON AV,
200106096,25,M,O,34.0652,-118.2451,900 NEW DEPOT ST,
200106099,0,F,X,34.0522,-118.2434,100 W 1ST ST,
200106100,0,M,X,34.0522,-118.2434,100 W 1ST ST,
200106101,0,F,X,34.0522,-118.2434,100 W 1ST ST,
200106103,0,X,X,34.045,-118.2628,S FIGUEROA ST,W OLYMPIC BL
200106104,0,F,X,34.0522,-118.2434,100 W 1ST ST,
200106105,0,M,X,34.0522,-118.2434,100 W 1ST ST,
200106107,31,M,O,34.0483,-118.2631,700 S FIGUEROA ST,
200106108,30,M,W,34.0391,-118.2581,E 11TH ST,S MAIN ST
200106109,0,M,W,34.0428,-118.2461,6TH,WALL ST
200106111,37,M,C,34.0408,-118.2644,W 12TH ST,S HOPE ST
200809562,0,X,X,34.0571,-118.474,11900 SAN VICENTE BL,
201108104,0,,,34.0941,-118.2835,4300 GATEWAY AV,
200106117,67,M,B,34.0378,-118.2561,300 E 11TH ST,
200106119,66,F,W,34.0421,-118.2469,600 S SAN PEDRO ST,
200106121,0,X,X,34.0324,-118.2605,S 16TH ST,W SANTEE
200106124,43,M,W,34.0415,-118.2332,500 MATEO ST,
200106125,54,F,H,34.0419,-118.2485,7TH,WALL
200106127,42,M,H,34.0442,-118.2439,500 S SAN PEDRO ST,
201226354,29,M,H,33.9933,-118.3052,1600 W 54TH ST,
200414732,19,F,H,34.0332,-118.1924,3RD ST,INDIANA
200815069,68,F,O,34.0768,-118.4352,200 WOODRUFF AV,
200612810,38,F,B,34.1022,-118.3093,WESTERN,HOLLYWOOD
201108147,63,F,W,34.1105,-118.2239,2200 MARICOPA DR,
200106142,41,F,B,34.0446,-118.245,500 SAN JULIAN ST,
200106143,68,F,O,34.0606,-118.2439,600 N GRAND AV,
200106146,33,M,W,34.0446,-118.245,500 SAN JULIAN ST,
200106147,43,M,H,34.0389,-118.2643,GRAND,PICO
200106148,49,M,H,34.0467,-118.252,600 S SPRING ST,
200106149,33,F,H,34.0467,-118.252,600 S SPRING ST,
200106150,37,M,H,34.046,-118.2509,6TH,SPRING
200106164,22,F,H,34.0401,-118.2668,1300 S FLOWER ST,
200106166,49,M,H,34.0423,-118.2452,6TH,SAN PEDRO
200304583,37,F,B,34.0163,-118.3523,3900 URSULA AV,
200808438,25,F,W,34.0472,-118.459,11700 TEXAS AV,
200106172,28,M,H,34.0563,-118.2374,800 N ALAMEDA ST,
200106173,34,M,H,34.045,-118.2628,FIGUEROA,OLYMPIC
200106174,40,M,W,34.0442,-118.2439,5TH,SAN PEDRO
200106175,49,F,H,34.0442,-118.2439,500 S SAN PEDRO ST,
201004548,18,F,O,34.1774,-118.5387,18600 HATTERAS ST,
200106178,33,M,A,34.0522,-118.2538,400 S HOPE ST,
200106179,59,M,B,34.0474,-118.2496,5TH,SPRING
220213256,79,M,B,34.0552,-118.2675,1200 W 7TH ST,
200106181,33,M,O,34.0685,-118.246,1300 W SUNSET BL,
200106182,45,M,B,34.0453,-118.2443,300 E 5TH ST,
200106183,34,M,W,34.0433,-118.2377,E 4TH ST,SEATON ST
200106184,37,M,H,34.0484,-118.2339,100 S VIGNES ST,
200106185,38,M,C,34.0437,-118.2582,W 9TH ST,S OLIVE ST
200106186,0,,,34.0736,-118.2312,500 SOLANO AV,
200106187,23,M,W,34.0401,-118.2668,1300 S FLOWER ST,
200106193,38,M,B,34.0317,-118.2641,1800 S MAIN ST,
201109103,60,M,H,34.1441,-118.1952,1400 W HILL DR,
201224597,31,M,B,34.0026,-118.2915,N VERMONT AV,45TH ST
200106197,0,X,X,34.0446,-118.2507,100 E 7TH ST,
200106198,52,F,H,34.0569,-118.2385,00 OLVERA ST,
200106199,0,,,34.0444,-118.2628,OLYMPIC,FLOWER ST
200507056,39,M,B,33.737,-118.2857,400 W 8TH ST,
200106208,0,,,34.0596,-118.2427,600 W SUNSET BL,
200106209,35,M,O,34.048,-118.2577,700 W 7TH ST,
200106210,40,M,B,34.0478,-118.2454,BOYD ST,LOS ANGELES ST
201008883,38,F,O,34.1748,-118.5123,5700 CHICOPEE AV,
200106214,40,M,H,34.0433,-118.2381,4TH,ALAMEDA
200913781,0,X,X,34.1907,-118.4509,14600 KITTRIDGE ST,
200106217,62,M,B,34.0449,-118.2458,500 WALL ST,
200106218,44,M,H,34.0491,-118.2558,600 W 7TH ST,
200106560,0,X,X,34.0487,-118.2627,800 FRANCISCO ST,
200106220,29,M,H,34.0582,-118.2387,600 N SPRING ST,
200106221,44,M,H,34.0637,-118.2434,ALPINE,GRAND AV
200106222,36,F,H,34.0396,-118.2558,LOS ANGELES,OLYMPIC BL
200106224,26,M,H,34.0563,-118.2374,800 N ALAMEDA ST,
200106225,45,M,H,34.045,-118.264,800 W OLYMPIC BL,
200106226,36,F,H,34.045,-118.264,800 W OLYMPIC BL,
200106227,19,F,H,34.045,-118.264,800 W OLYMPIC BL,
200106228,17,F,H,34.045,-118.264,800 W OLYMPIC BL,
200106229,24,M,W,34.0481,-118.2542,600 S OLIVE ST,
200106230,23,F,H,34.0483,-118.2631,800 S FIGUEROA ST,
200106231,31,M,A,34.0445,-118.2558,400 W 8TH ST,
200106232,27,M,W,34.0459,-118.2579,800 S GRAND AV,
200106236,30,M,B,34.0487,-118.2588,7TH ST,HOPE ST
200106237,25,F,A,34.037,-118.2688,FLOWER,VENICE
200106238,25,F,O,34.0445,-118.2523,700 S SPRING ST,
200106239,22,F,H,34.0416,-118.255,SPRING ST,MAIN ST
200106242,23,M,H,34.0527,-118.2314,CENTER ST,COMMERCIAL ST
200106243,42,M,W,34.0488,-118.2518,500 S HILL ST,
200106244,34,M,O,34.0501,-118.2592,900 WILSHIRE BL,
200106245,0,M,W,34.0482,-118.2472,4TH,MAIN
200106246,27,M,W,34.0445,-118.2558,400 W 8TH ST,
200917765,0,,,34.1976,-118.4455,HART,LENNOX
200106247,44,M,B,34.0408,-118.2511,MAPLE,8TH
200215059,23,F,B,34.0648,-118.2708,100 S MOUNTAIN VIEW AV,
200106253,0,,,34.0359,-118.2648,1500 S OLIVE ST,
200106257,35,M,B,34.048,-118.2577,700 W 7TH ST,
200106266,40,M,H,34.0481,-118.2542,500 W 6TH ST,
200106270,38,M,H,34.0552,-118.2322,500 RAMIREZ ST,
200106273,54,M,B,34.046,-118.2326,300 S SANTA FE AV,
200106275,34,M,B,34.0502,-118.254,600 W 5TH ST,
200812870,22,F,W,34.0462,-118.4361,1800 OVERLAND AV,
201113281,37,F,H,34.0924,-118.2752,3600 EFFIE ST,
200106283,28,M,A,34.0395,-118.2622,1200 S OLIVE ST,
200106285,0,F,H,34.0545,-118.2499,200 S GRAND AV,
200106286,25,M,W,34.046,-118.2326,3RD,SANTA FE
200106288,0,,,34.0483,-118.2326,100 S SANTA FE AV,
200106289,73,M,W,34.043,-118.2641,FLOWER,OLYMPIC
200106290,12,M,H,34.0504,-118.2409,300 E 1ST ST,
201226350,30,M,H,33.9933,-118.3052,1600 W 54TH ST,
200106293,24,M,B,34.0363,-118.2672,400 W WASHINGTON BL,
200815799,80,F,W,34.0614,-118.4381,10700 LINDBROOK DR,
201211232,38,F,B,33.9856,-118.2827,5800 S FIGUEROA ST,
210917841,0,,,34.1939,-118.44,VANOWEN,HAZELTINE
200218546,42,M,H,34.0589,-118.2636,400 WITMER ST,
200507649,0,,,33.7333,-118.2879,500 W 12TH ST,
200106300,59,F,H,34.0474,-118.2496,5TH,SPRING ST
200106301,32,M,B,34.0617,-118.2469,500 N FIGUEROA ST,
200407269,49,M,H,34.0421,-118.206,2700 E 1ST ST,
200106304,28,M,B,34.0467,-118.252,500 S SPRING ST,
200106305,37,M,B,34.0428,-118.2461,6TH,WALL
200614026,0,X,X,34.1015,-118.3425,7000 HOLLYWOOD BL,
200512280,55,F,H,33.741,-118.2838,500 S HARBOR BL,
200106308,33,M,B,34.0547,-118.2505,100 S HILL ST,
201106130,0,,,34.0747,-118.2402,ELYSIAN PARK,BOYLSTON
200106309,25,M,W,34.047,-118.2458,4TH ST,LOS ANGELES
200106375,53,F,H,34.0483,-118.2631,700 S FIGUEROA ST,
200106312,26,M,B,34.0501,-118.2592,WILSHIRE BL,FIGUEROA ST
200106316,32,M,W,34.0454,-118.2657,900 W OLYMPIC BL,
200106317,38,F,W,34.0324,-118.2675,S OLIVE ST,W WASHINGTON BL
200106318,29,M,V,34.0373,-118.2588,E 12TH ST,S MAIN ST
200106319,44,M,W,34.0409,-118.2609,S OLIVE ST,W OLYMPIC BL
200106320,18,M,F,34.0483,-118.2631,700 S FIGUEROA ST,
200106321,0,M,W,34.0532,-118.2425,200 N MAIN ST,
200106327,24,M,B,34.043,-118.2606,1000 S GRAND AV,
201813529,22,F,B,33.9583,-118.2608,800 E 87TH PL,
200106329,25,F,H,34.0524,-118.2467,200 S BROADWAY,
200106330,27,F,H,34.0459,-118.2545,7TH,HILL
200106331,29,F,W,34.0511,-118.2334,700 JACKSON ST,
200208239,0,,,34.0621,-118.2619,1200 W 3RD ST,
200106333,42,M,H,34.0534,-118.2409,200 E TEMPLE ST,
200208267,78,F,W,34.0703,-118.2832,200 S VENDOME ST,
200106340,35,M,B,34.048,-118.2577,700 W 7TH ST,
200106343,56,F,B,34.0445,-118.2523,700 S SPRING ST,
202009875,49,M,H,34.0637,-118.2905,6TH ST,VERMONT
200106345,42,M,H,34.057,-118.2437,HOPE,TEMPLE
200106346,72,F,W,34.0502,-118.254,600 W 5TH ST,
200106347,25,F,B,34.0502,-118.254,600 W 5TH ST,
200106350,73,F,H,34.0412,-118.2474,7TH,SAN JULIAN
200713539,64,M,O,34.0361,-118.3505,MANSFIELD,BANGOR
200106353,23,F,O,34.0473,-118.2566,700 S GRAND AV,
200106354,39,F,H,34.0395,-118.2656,HOPE,PICO
200106356,49,M,H,34.0498,-118.24,300 E 2ND ST,
200106368,52,M,H,34.0344,-118.2596,14TH ST,LOS ANGELES
200711295,0,,,34.0871,-118.3523,900 N VISTA ST,
200711738,25,M,W,34.0753,-118.3849,100 N CLARK DR,
201108111,70,F,W,34.1318,-118.1957,1300 HEPNER AV,
200106377,22,M,H,34.046,-118.2509,600 S SPRING ST,
200106381,28,M,H,34.0467,-118.252,500 S SPRING ST,
200106382,26,M,O,34.0467,-118.252,200 W 7TH ST,
200106383,23,M,B,34.0402,-118.2633,1200 S GRAND AV,
201004675,25,M,W,34.2143,-118.5534,19200 SATICOY ST,
200106386,41,M,W,34.0551,-118.2323,00 GATEWAY PLAZA DR,
200106389,26,F,W,34.0495,-118.2529,W 5TH ST,S OLIVE ST
200608531,0,X,X,34.1007,-118.3494,7200 W SUNSET BL,
200106395,31,M,C,34.0376,-118.2594,1200 S MAIN ST,
200106409,67,M,A,34.0612,-118.2417,700 YALE ST,
200106410,67,M,A,34.0612,-118.2417,700 YALE ST,
200106411,40,F,H,34.0467,-118.252,300 W 7TH ST,
200106412,41,M,H,34.0483,-118.2631,700 S FIGUEROA ST,
200106414,28,F,H,34.0445,-118.2523,700 S SPRING ST,
200106415,0,M,W,34.0532,-118.2425,200 N MAIN ST,
200106420,51,F,H,34.0363,-118.2677,1600 S HOPE ST,
200106421,0,M,X,34.0551,-118.2323,00 GATEWAY PLAZA DR,
200401210,28,F,H,34.0352,-118.2058,400 S EVERGREEN AV,
200106425,0,M,W,34.0454,-118.2333,CERES AV,7TH ST
211220472,29,F,H,33.9679,-118.2695,7800 S SAN PEDRO ST,
200505554,0,,,33.75,-118.2967,900 UPLAND AV,
200915605,33,M,H,34.1603,-118.4399,4700 WOODMAN AV,
200106479,46,M,W,34.0488,-118.2518,5TH ST,HILL ST
200106427,52,M,B,34.0449,-118.2458,5TH ST,WALL ST
200816405,50,M,O,34.0557,-118.444,1300 MIDVALE AV,
200106433,33,M,W,34.0433,-118.2377,800 E 4TH ST,
200106443,50,M,W,34.0502,-118.254,600 W 5TH ST,
200106444,37,M,B,34.0648,-118.2313,MAIN,ANN
200106445,61,F,B,34.0423,-118.2452,6TH ST,SAN PEDRO ST
200106446,0,X,X,34.0491,-118.2414,2ND ST,SAN PEDRO
200106448,56,F,A,34.0628,-118.2395,HILL,ORD
200106449,40,M,B,34.0488,-118.2518,500 S HILL ST,
200106450,35,M,O,34.048,-118.2577,700 W 7TH ST,
200106451,58,F,H,34.0549,-118.2426,200 W TEMPLE ST,
200106452,57,F,H,34.0459,-118.2545,700 S HILL ST,
200106453,23,M,B,34.0499,-118.2614,7TH,FIGUEROA
200106454,43,F,B,34.0677,-118.2398,700 BERNARD ST,
200513966,0,M,O,33.7388,-118.2869,400 W 6TH ST,
200106460,31,F,H,34.0483,-118.2631,700 S FIGUEROA ST,
221700646,5,F,H,34.2251,-118.5372,8300 LINDLEY AV,
200107002,28,M,W,34.0485,-118.2478,4TH,MAIN
200106463,26,M,W,34.0644,-118.2387,900 N HILL ST,
201613505,29,F,W,34.24,-118.3945,9400 SAN FERNANDO RD,
201226063,22,F,H,33.9872,-118.3245,5800 7TH AV,
210517159,40,M,B,33.7925,-118.305,1600 255TH ST,
200516175,0,,,33.7983,-118.2992,24900 FRAMPTON AV,
200106474,51,F,B,34.0442,-118.2439,5TH ST,SAN PEDRO
200813946,66,F,W,34.0445,-118.4035,2700 MCCONNELL DR,
200106478,39,M,W,34.0452,-118.2569,800 S OLIVE ST,
200106480,32,M,W,34.0424,-118.2493,7TH ST,LOS ANGELES
200106484,63,M,W,34.064,-118.2375,BROADWAY,ALPINE
200106485,55,M,W,34.0363,-118.2573,1200 SANTEE ST,
200106488,0,,,34.0669,-118.2275,1600 N MAIN ST,
200106492,58,F,W,34.0437,-118.2582,400 W 9TH ST,
200106558,0,M,W,34.048,-118.256,600 WILSHIRE BL,
200106493,32,M,B,34.0382,-118.2384,1200 E 6TH ST,
200106494,58,M,W,34.0442,-118.2439,500 S SAN PEDRO ST,
200106495,24,M,W,34.0483,-118.2631,700 S FIGUEROA ST,
200106500,25,F,B,34.0442,-118.2439,5TH ST,SAN PEDRO ST
200106501,61,M,B,34.0428,-118.2461,600 SAN JULIAN ST,
200106507,23,M,H,34.039,-118.24,600 S CENTRAL AV,
202008625,54,M,W,34.0653,-118.3091,WESTERN AV,5TH ST
200106514,45,M,B,34.0448,-118.2474,200 E 6TH ST,
200705720,0,M,O,34.0665,-118.3662,500 S FAIRFAX AV,
200106516,33,M,H,34.0673,-118.2354,BROADWAY,COTTAGE HOME
200106517,78,F,W,34.0499,-118.2614,7TH,FIGUEROA
211104260,0,X,X,34.1089,-118.2433,2700 MEDIA CENTER DR,
200106519,24,F,A,34.0472,-118.2361,2ND,HEWITT
200106520,43,M,O,34.0462,-118.2628,900 S FIGUEROA ST,
201216539,24,F,B,33.9891,-118.2915,SLAUSON,VERMONT
200106526,35,M,B,34.048,-118.2577,700 W 7TH ST,
200106527,27,M,W,34.0479,-118.2612,8TH,FIGUEROA
200106529,68,M,H,34.0569,-118.254,100 S FIGUEROA ST,
200507248,59,M,H,33.8449,-118.304,1500 W 204TH ST,
200106531,49,M,B,34.0487,-118.2588,800 W 7TH ST,
200912278,30,F,H,34.1993,-118.4724,7100 FIRMAMENT AV,
200106534,0,X,X,34.0563,-118.2374,800 N ALAMEDA ST,
200106546,23,M,H,34.0467,-118.2485,500 S MAIN,
200106547,62,M,W,34.0473,-118.2566,700 S GRAND AV,
200106548,35,M,C,34.0695,-118.2273,N SPRING ST,WILHARDT ST
200709141,48,M,H,34.0837,-118.3532,7500 MELROSE AV,
200204926,30,F,H,34.071,-118.2759,RAMPART,COUNCIL
200605994,31,F,O,34.0981,-118.3044,1500 N HARVARD BL,
211610422,22,F,H,34.2592,-118.4025,12200 OSBORNE PL,
210218954,75,F,K,34.0499,-118.2725,900 GRATTAN ST,
200407234,43,F,W,34.0512,-118.2176,1700 E CESAR E CHAVEZ AV,
200106584,57,M,B,34.0711,-118.2263,1800 BAKER ST,
211112770,25,F,W,34.1018,-118.2831,4300 PROSPECT AV,
200707378,31,F,A,34.0699,-118.3511,300 HAUSER BL,
200109640,52,M,B,34.0381,-118.2401,CENTRAL AV,WILDE ST
201224797,16,F,H,33.9747,-118.2827,FIGUEROA ST,FLORENCE AV
200715141,0,,,34.0449,-118.3411,4800 W 17TH ST,
200106593,23,M,H,34.048,-118.2577,700 W 7TH ST,
201105686,0,M,O,34.1428,-118.226,2800 COLORADO BL,
200106598,0,X,X,34.0487,-118.2588,700 S FLOWER ST,
200106599,0,X,X,34.048,-118.2577,700 W 7TH ST,
200106600,56,F,H,34.0398,-118.2413,600 CERES AV,
200208266,0,X,X,34.0548,-118.2638,LUCAS AV,W 6TH ST
200106604,0,M,W,34.0563,-118.2374,800 N ALAMEDA ST,
200106606,75,F,B,34.0395,-118.2405,1200 E 7TH ST,
200106608,0,,,34.0453,-118.2499,600 S MAIN ST,
200106614,33,M,H,34.0516,-118.2561,500 S FLOWER ST,
200106615,25,M,H,34.0516,-118.2561,500 S FLOWER ST,
200106616,35,M,H,34.0495,-118.2494,400 S BROADWAY,
200106617,0,,,34.0519,-118.2531,500 W 5TH ST,
200106618,72,M,O,34.0473,-118.2425,400 E 3RD ST,
210320234,34,M,B,34.0064,-118.2879,800 W 42ND PL,
200106621,28,M,H,34.0361,-118.2634,200 W 14TH ST,
200106622,22,M,H,34.0361,-118.2634,200 W 14TH ST,
200218503,38,M,B,34.0677,-118.2731,100 N ALVARADO ST,
200106629,23,M,O,34.0437,-118.2582,900 S OLIVE ST,
201014312,34,M,H,34.2148,-118.5404,18500 SATICOY ST,
200106631,55,M,B,34.0335,-118.2619,100 W WASHINGTON BL,
211224541,12,F,H,33.9819,-118.2827,6300 S FIGUEROA ST,
200506685,14,F,B,33.8684,-118.2969,1300 W 182ND ST,
210918167,63,F,W,34.1827,-118.4422,14200 DELANO ST,
200106636,0,M,W,34.0504,-118.2409,100 S SAN PEDRO ST,
200106637,39,M,W,34.0404,-118.2504,7TH ST,BROADWAY
200407371,0,,,34.0759,-118.1952,2500 COMMODORE ST,
201225728,27,M,B,33.9746,-118.3046,FLORENCE AV,DENKER AV
200507574,37,M,W,33.7456,-118.2945,800 W SEPULVEDA ST,
211518649,46,M,W,34.1794,-118.4138,6000 COLDWATER CANYON AV,
200106644,41,M,B,34.0581,-118.2371,900 N ALAMEDA ST,
200614868,0,X,X,34.1127,-118.3757,2300 STANLEY HILLS DR,
201317465,39,F,B,33.9833,-118.2718,200 E 62ND ST,
200106652,53,F,B,34.0563,-118.2374,800 N ALAMEDA ST,
211116499,52,M,W,34.0935,-118.2932,1200 N NEW HAMPSHIRE AV,
200106654,39,F,W,34.0475,-118.2657,900 GEORGIA ST,
200112448,44,M,W,34.0452,-118.2534,700 S BROADWAY,
211015677,14,F,H,34.1866,-118.5453,18900 VICTORY BL,
221216052,28,F,B,33.9717,-118.2827,500 W 75TH ST,
211107406,71,F,H,34.1218,-118.1677,SAN PASCUAL AV,STONEY DR
200407242,72,F,H,34.0449,-118.1943,700 N FRESNO ST,
200106663,15,M,X,34.0487,-118.2588,700 S FLOWER ST,
200106664,23,M,H,34.048,-118.2577,700 W 7TH ST,
200106665,35,M,B,34.048,-118.2577,700 W 7TH ST,
200106722,32,M,B,34.0437,-118.2455,500 S SAN PEDRO ST,
200122696,42,M,H,34.0519,-118.2531,500 W 5TH ST,
201310962,0,M,B,34.0256,-118.2299,SANTA FE,OLYMPIC
200120808,30,F,W,34.0457,-118.2665,900 S FIGUEROA ST,
200817086,62,F,W,34.0998,-118.4436,1600 N BEVERLY GLEN BL,
200100708,36,F,H,34.0606,-118.2439,700 W CESAR E CHAVEZ AV,
200309072,31,F,B,34.0155,-118.2975,1200 W 39TH ST,
200106681,0,M,O,34.0437,-118.2455,200 E 6TH ST,
200715653,0,,,34.0855,-118.3638,WARING AV,N EDINBURGH AV
200106683,0,,,34.0385,-118.2437,7TH,GLADYS
201800651,14,F,B,33.9323,-118.2502,11300 COMPTON AV,
200106688,58,M,W,34.0495,-118.2458,200 S LOS ANGELES ST,
201109241,0,,,34.0867,-118.2701,1500 SILVER LAKE BL,
210104003,24,M,B,34.0566,-118.2531,2ND,FIGUEROA ST
200312037,30,M,B,34.0148,-118.3222,OBAMA BL,COLISEUM ST
201308843,23,M,H,33.9833,-118.2696,300 E 62ND ST,
220206045,38,M,B,34.0387,-118.2786,1000 W 18TH ST,
200816363,73,M,W,34.0391,-118.4506,11600 MISSOURI AV,
200815583,32,M,W,34.0557,-118.3928,1100 GLENVILLE DR,
200109376,67,M,W,34.0655,-118.2372,900 SUN MUN WY,
200106700,37,F,B,34.046,-118.2509,200 W 6TH ST,
200709021,41,F,A,34.0633,-118.3473,5400 WILSHIRE BL,
200106703,35,M,H,34.0644,-118.2387,900 N HILL ST,
200412940,41,M,H,34.0436,-118.2051,WHITTIER,MOTT
200106709,64,F,O,34.0504,-118.2409,100 S SAN PEDRO ST,
200106710,55,M,H,34.0439,-118.2709,12TH,LA LIVE
200106713,0,,,34.0415,-118.2332,500 MATEO ST,
200106716,35,M,X,34.048,-118.2577,700 W 7TH ST,
200208099,13,F,H,34.0764,-118.2656,1000 MOHAWK ST,
200816932,0,X,X,34.06,-118.42,10200 SANTA MONICA BL,
200504818,29,F,W,33.7361,-118.2968,900 W 9TH ST,
200617010,27,M,H,34.0998,-118.3223,1600 N GOWER ST,
201013217,30,M,W,34.2075,-118.5068,17100 COVELLO ST,
200118253,0,,,34.0506,-118.2449,200 S MAIN ST,
200106729,33,M,H,34.0516,-118.2561,500 S FLOWER ST,
211917100,52,M,O,34.2374,-118.4596,9100 VINCENTE WY,
221605629,11,F,H,34.2865,-118.4161,12800 PAXTON ST,
210918169,31,F,H,34.1785,-118.4443,14200 TIARA ST,
200106736,33,F,H,34.0518,-118.2493,3RD ST,HILL
200311971,56,F,H,0,0,4800 COLISEUM ST,
200106739,0,,,34.0632,-118.2408,600 ALPINE ST,
220705715,27,M,B,34.0499,-118.368,1500 S HAYWORTH AV,
200916925,52,M,W,34.154,-118.4674,14800 W VENTURA BL,
200109618,43,M,W,34.0428,-118.2461,6TH,SAN JULIAN
200109693,56,M,B,34.0453,-118.2499,600 S MAIN ST,
201113027,58,F,W,34.0812,-118.252,1800 PARK DR,
200200503,0,M,W,34.0538,-118.2667,WILSHIRE BL,WITMER
200200504,30,M,H,34.0473,-118.2784,1800 W 12TH ST,
200204015,40,M,H,34.0909,-118.2917,VERMONT,SANTA MONICA
200204212,44,M,H,34.0559,-118.2842,HOOVER,JAMES M WOOD
211111654,38,F,O,34.1104,-118.1884,200 S AVENUE 60,
200200509,30,M,H,34.0768,-118.2573,ECHO PARK AV,SUNSET BL
200200511,22,F,H,34.0614,-118.279,CARONDELET ST,6TH ST
200200512,0,X,X,34.0624,-118.2813,600 S RAMPART BL,
200200515,46,F,H,34.0527,-118.282,1000 GRAND VIEW ST,
200200516,26,F,H,34.0473,-118.27,BLAINE,OLYMPIC
200200518,30,M,H,34.0672,-118.2741,200 S PARK VIEW ST,
200200521,0,X,X,34.0573,-118.2699,1700 W 6TH ST,
211010923,56,M,W,34.2021,-118.5117,17300 CANTLAY ST,
200200526,18,F,H,34.0566,-118.2681,6TH ST,LOMA DR
201012924,32,M,W,34.2165,-118.5049,17000 BALTAR ST,
200200528,31,M,H,34.063,-118.2753,400 GRAND VIEW ST,
200200529,45,M,H,34.0812,-118.2953,600 HELIOTROPE DR,
200200530,40,M,W,34.083,-118.275,DEL MONTE,VENDOME
200200531,29,M,H,34.0671,-118.2713,100 N LAKE ST,
200200538,28,M,H,34.061,-118.2775,2500 W 7TH ST,
200200542,0,X,X,34.0437,-118.2838,COURTLAND,VENICE
200200545,45,M,H,34.0621,-118.2747,400 S LAKE ST,
200200548,49,M,B,34.062,-118.2804,600 S CORONADO ST,
200200551,22,M,W,34.0496,-118.2677,GARLAND AV,8TH ST
200200553,0,X,X,34.0653,-118.2836,500 S OCCIDENTAL BL,
200200556,19,X,X,34.0539,-118.2712,1600 W 7TH ST,
200200560,54,M,W,34.0554,-118.2702,1600 WILSHIRE BL,
200716147,34,F,W,34.0726,-118.3279,FIRST ST,LARCHMENT BL
200200562,11,F,H,34.0517,-118.2663,700 GARLAND AV,
200807585,50,F,W,34.0588,-118.4439,10900 WILSHIRE BL,
200204019,26,M,H,34.059,-118.2736,6TH ST,WESTLAKE AV
200204021,54,M,H,34.0758,-118.2749,2700 LONDON ST,
200204024,27,M,H,34.0594,-118.2833,RAMPART BL,7TH ST
200709741,31,F,W,34.0835,-118.3734,8400 MELROSE PL,
200204026,22,M,H,34.061,-118.2615,200 WITMER ST,
200204027,0,X,X,34.0778,-118.2658,2200 W SUNSET BL,
200204029,0,X,X,34.0764,-118.2892,300 N MADISON AV,
200204033,29,M,H,34.0598,-118.2734,400 S BONNIE BRAE ST,
200204034,23,M,W,34.0778,-118.2658,2200 W SUNSET BL,
201005417,74,M,A,34.2077,-118.4912,16700 SHERMAN WY,
210320795,33,F,B,34.0111,-118.3477,4000 S MUIRFIELD RD,
200311721,29,F,H,34.0055,-118.2872,800 W 43RD ST,
200204046,0,X,X,34.0778,-118.2658,2200 W SUNSET BL,
200204048,14,F,H,34.0484,-118.2724,1500 W OLYMPIC BL,
211415780,5,F,W,33.9924,-118.417,4700 LINDBLADE DR,
200204055,0,,,34.0519,-118.2755,BURLINGTON,JAMES M WOOD
200204056,0,X,X,34.0757,-118.2605,1100 LEMOYNE ST,
200204060,0,,,34.0692,-118.2792,200 S LA FAYETTE PARK PL,
200204066,0,,,34.061,-118.2615,200 WITMER ST,
200204070,50,M,B,34.0576,-118.2598,3RD ST,BIXEL ST
200204072,47,F,B,34.0588,-118.2706,500 S BURLINGTON AV,
200204073,19,F,H,34.0423,-118.2804,1400 S UNION AV,
201518783,0,M,O,34.1849,-118.3597,10500 VICTORY BL,
200204077,59,M,H,34.0596,-118.2749,600 S ALVARADO ST,
200409997,0,M,X,34.0732,-118.2189,2100 N BROADWAY,
200204080,29,M,H,34.0519,-118.2755,1800 JAMES M WOOD BL,
200204081,66,M,O,34.0568,-118.2821,800 S CARONDELET ST,
200204083,19,X,X,34.0527,-118.2685,7TH ST,COLUMBIA
200204084,39,M,H,34.0594,-118.2833,2700 W 7TH ST,
200204086,61,M,A,34.0632,-118.2771,500 S PARK VIEW ST,
200204087,36,F,W,34.0533,-118.2829,1000 S PARK VIEW ST,
221905893,52,F,H,34.245,-118.4579,9600 SALOMA AV,
200204097,0,,,34.062,-118.2804,6TH,CORONADO
200204100,33,F,H,34.0578,-118.2842,8TH,HOOVER
200204168,55,M,B,34.064,-118.2505,BEAUDRY,TEMPLE
200204105,38,F,H,34.0667,-118.2703,100 S ALVARADO ST,
200204106,50,F,H,34.0565,-118.2768,2100 W 7TH ST,
200204108,19,X,X,34.0613,-118.2738,400 S ALVARADO ST,
200204109,0,,,34.0504,-118.2722,900 GRATTAN ST,
200204112,50,F,H,34.0563,-118.281,800 S PARK VIEW ST,
200204114,33,M,W,34.0713,-118.2586,1100 W KENSINGTON RD,
200204117,19,X,X,34.0583,-118.2616,1400 W 3RD ST,
200204122,0,,,34.0546,-118.2684,1500 WILSHIRE BL,
200204130,50,M,H,34.0656,-118.2652,UNION,BEVERLY
200204131,39,M,B,34.058,-118.2759,WILSHIRE,ALVARADO
200406972,11,M,H,34.0355,-118.2183,2200 WHITTIER BL,
200204135,51,F,H,34.0497,-118.2754,OLYMPIC,BEACON
201509188,33,M,W,34.1587,-118.3716,11000 LA MAIDA ST,
200204139,22,M,H,34.0601,-118.2761,6TH ST,ALVARADO
200204141,36,M,H,34.0594,-118.2833,2700 W 7TH ST,
200204142,0,X,X,34.0594,-118.2832,7TH,RAMPART
200204143,0,,,34.0658,-118.2503,1100 SUNVUE PL,
200204145,28,M,W,34.0763,-118.2917,VERMONT,BEVERLY
200204149,0,,,34.0724,-118.2695,SCOUT WY,ROSEMONT AV
200517669,0,,,33.7849,-118.2612,1100 BROAD AV,
200204152,0,,,34.0818,-118.2868,600 N VIRGIL AV,
200204153,0,,,34.0524,-118.2842,HOOVER BL,OLYMPIC BL
200204154,0,,,34.0613,-118.2738,400 S ALVARADO ST,
200204156,30,M,W,34.0552,-118.2648,6TH ST,HARTFORD
200204157,25,M,O,34.0515,-118.2658,1200 W 7TH ST,
200204159,0,,,34.0644,-118.2609,COLTON,GLENDALE BL
200204166,31,M,A,34.0776,-118.2616,PARK AV,GLENDALE
220125552,10,F,H,34.0495,-118.2459,300 S MAIN ST,
200205165,0,X,X,34.0647,-118.2657,1700 BEVERLY BL,
200400544,48,M,H,34.0693,-118.2,2100 PARKSIDE AV,
200608371,48,M,W,34.0993,-118.3136,HAROLD WY,WILTON PL
200605219,14,F,B,34.1006,-118.3417,1500 N HIGHLAND AV,
200214852,0,M,W,34.0616,-118.2586,TOLUCA,DOUGLAS
202005347,27,M,H,34.0472,-118.3145,WILTON,PICO
201818440,26,M,B,33.956,-118.2803,GRAND AV,89TH ST
201222486,55,M,H,33.9821,-118.3318,6TH AV,64TH ST
201415556,24,M,B,34.0124,-118.418,VENICE BL,TULLER AV
221708330,21,M,H,34.25,-118.599,10000 OLD DEPOT PLAZA RD,
211222322,37,F,H,33.995,-118.2808,400 W 52ND PL,
211215967,63,M,H,33.9754,-118.3134,1900 W 71ST ST,
230305002,30,M,B,34.0173,-118.3536,S AUGUST ST,W STEVELY AV
200713114,19,M,B,34.0734,-118.3765,3RD ST,LA CIENEGA BL
201320816,39,F,B,33.9933,-118.2743,100 W 54TH ST,
201315209,30,M,H,34.0139,-118.259,900 E 33RD ST,
200910433,24,M,B,34.162,-118.457,VENTURA BL,NOBLE AV
222019291,27,M,H,34.0544,-118.3091,SAN MARINO ST,WESTERN AV
230713259,63,M,W,34.0837,-118.3563,STANLEY,MELROSE
230119731,28,X,X,34.0481,-118.2472,400 S MAIN ST,
230114485,24,M,A,34.0491,-118.2558,700 W 7TH ST,
231206388,62,M,B,33.9717,-118.2915,75TH ST,VERMONT AV
230208535,19,M,H,34.0698,-118.2595,BELLEVUE,ECHO PARK
200118018,27,F,B,34.0477,-118.2637,800 FRANCISCO ST,
202100629,30,M,H,34.221,-118.604,8300 NORTHGATE AV,
201910908,68,F,H,34.2215,-118.4559,14800 ROSCOE BL,
201404319,36,M,W,34.0286,-118.4118,3300 MENTONE AV,
201421376,45,M,W,34.0106,-118.4293,3600 S BARRINGTON AV,
202014779,35,F,B,34.0617,-118.3091,WESTERN,WILSHIRE
210316232,31,F,B,34.0164,-118.3089,38TH PL,S WESTERN AV
211220822,36,M,H,33.9892,-118.3089,SLAUSON AV,WESTERN AV
210608108,0,X,X,34.1,-118.3113,5600 W SUNSET BL,
212017581,30,M,H,34.0578,-118.2891,8TH,WESTMORELAND
210915169,43,F,B,34.1836,-118.4355,6100 WOODMAN AV,
211905445,39,M,H,34.3069,-118.4297,13600 FOOTHILL BL,
210115072,27,F,H,34.0445,-118.2523,600 S SPRING ST,
210600518,0,X,X,34.0987,-118.3337,LEXINGTON,VINE
210116641,21,M,H,34.0402,-118.2598,1000 S HILL ST,
221405660,60,M,W,33.9869,-118.4437,4200 DEL REY AV,
220200522,29,F,H,34.063,-118.2543,1200 W COURT ST,
220620665,49,M,W,34.1325,-118.3421,3100 LA SUVIDA DR,
221207970,20,F,B,33.9601,-118.2739,MAIN ST,MANCHESTER
221012146,55,M,W,34.1939,-118.4946,16600 VANOWEN ST,
221415353,53,F,B,33.9941,-118.4797,00 DUDLEY AV,
